country,year,indicator_code,indicator_name,value
AUS,1960,EG.IMP.CONS.ZS,energy_imports_pct_use,
AUS,1961,EG.IMP.CONS.ZS,energy_imports_pct_use,
AUS,1962,EG.IMP.CONS.ZS,energy_imports_pct_use,
AUS,1963,EG.IMP.CONS.ZS,energy_imports_pct_use,
AUS,1964,EG.IMP.CONS.ZS,energy_imports_pct_use,
AUS,1965,EG.IMP.CONS.ZS,energy_imports_pct_use,
AUS,1966,EG.IMP.CONS.ZS,energy_imports_pct_use,
AUS,1967,EG.IMP.CONS.ZS,energy_imports_pct_use,
AUS,1968,EG.IMP.CONS.ZS,energy_imports_pct_use,
AUS,1969,EG.IMP.CONS.ZS,energy_imports_pct_use,
AUS,1970,EG.IMP.CONS.ZS,energy_imports_pct_use,
AUS,1971,EG.IMP.CONS.ZS,energy_imports_pct_use,
AUS,1972,EG.IMP.CONS.ZS,energy_imports_pct_use,
AUS,1973,EG.IMP.CONS.ZS,energy_imports_pct_use,
AUS,1974,EG.IMP.CONS.ZS,energy_imports_pct_use,
AUS,1975,EG.IMP.CONS.ZS,energy_imports_pct_use,
AUS,1976,EG.IMP.CONS.ZS,energy_imports_pct_use,
AUS,1977,EG.IMP.CONS.ZS,energy_imports_pct_use,
AUS,1978,EG.IMP.CONS.ZS,energy_imports_pct_use,
AUS,1979,EG.IMP.CONS.ZS,energy_imports_pct_use,
AUS,1980,EG.IMP.CONS.ZS,energy_imports_pct_use,
AUS,1981,EG.IMP.CONS.ZS,energy_imports_pct_use,
AUS,1982,EG.IMP.CONS.ZS,energy_imports_pct_use,
AUS,1983,EG.IMP.CONS.ZS,energy_imports_pct_use,
AUS,1984,EG.IMP.CONS.ZS,energy_imports_pct_use,
AUS,1985,EG.IMP.CONS.ZS,energy_imports_pct_use,
AUS,1986,EG.IMP.CONS.ZS,energy_imports_pct_use,
AUS,1987,EG.IMP.CONS.ZS,energy_imports_pct_use,
AUS,1988,EG.IMP.CONS.ZS,energy_imports_pct_use,
AUS,1989,EG.IMP.CONS.ZS,energy_imports_pct_use,
AUS,1990,EG.IMP.CONS.ZS,energy_imports_pct_use,-74.9034161284875
AUS,1991,EG.IMP.CONS.ZS,energy_imports_pct_use,-93.6375844274199
AUS,1992,EG.IMP.CONS.ZS,energy_imports_pct_use,-95.9151831093466
AUS,1993,EG.IMP.CONS.ZS,energy_imports_pct_use,-92.3660251504525
AUS,1994,EG.IMP.CONS.ZS,energy_imports_pct_use,-91.3742846110136
AUS,1995,EG.IMP.CONS.ZS,energy_imports_pct_use,-96.4516273110149
AUS,1996,EG.IMP.CONS.ZS,energy_imports_pct_use,-91.0909229140998
AUS,1997,EG.IMP.CONS.ZS,energy_imports_pct_use,-100.727503230138
AUS,1998,EG.IMP.CONS.ZS,energy_imports_pct_use,-107.390214825386
AUS,1999,EG.IMP.CONS.ZS,energy_imports_pct_use,-103.454366779273
AUS,2000,EG.IMP.CONS.ZS,energy_imports_pct_use,-117.602689924911
AUS,2001,EG.IMP.CONS.ZS,energy_imports_pct_use,-126.513619589279
AUS,2002,EG.IMP.CONS.ZS,energy_imports_pct_use,-130.62417241528
AUS,2003,EG.IMP.CONS.ZS,energy_imports_pct_use,-125.288697474724
AUS,2004,EG.IMP.CONS.ZS,energy_imports_pct_use,-125.872031210017
AUS,2005,EG.IMP.CONS.ZS,energy_imports_pct_use,-131.07466643319
AUS,2006,EG.IMP.CONS.ZS,energy_imports_pct_use,-123.806910241922
AUS,2007,EG.IMP.CONS.ZS,energy_imports_pct_use,-127.764290888944
AUS,2008,EG.IMP.CONS.ZS,energy_imports_pct_use,-123.534610231999
AUS,2009,EG.IMP.CONS.ZS,energy_imports_pct_use,-128.476617177707
AUS,2010,EG.IMP.CONS.ZS,energy_imports_pct_use,-146.708346775748
AUS,2011,EG.IMP.CONS.ZS,energy_imports_pct_use,-141.942926034157
AUS,2012,EG.IMP.CONS.ZS,energy_imports_pct_use,-149.195380388504
AUS,2013,EG.IMP.CONS.ZS,energy_imports_pct_use,-164.691774053304
AUS,2014,EG.IMP.CONS.ZS,energy_imports_pct_use,-185.555789490717
AUS,2015,EG.IMP.CONS.ZS,energy_imports_pct_use,-197.386842232292
AUS,2016,EG.IMP.CONS.ZS,energy_imports_pct_use,-206.230251314561
AUS,2017,EG.IMP.CONS.ZS,energy_imports_pct_use,-213.039219172204
AUS,2018,EG.IMP.CONS.ZS,energy_imports_pct_use,-221.13514781466
AUS,2019,EG.IMP.CONS.ZS,energy_imports_pct_use,-230.540248121
AUS,2020,EG.IMP.CONS.ZS,energy_imports_pct_use,-237.32858019566
AUS,2021,EG.IMP.CONS.ZS,energy_imports_pct_use,-232.104772123918
AUS,2022,EG.IMP.CONS.ZS,energy_imports_pct_use,-234.279345921201
AUS,2023,EG.IMP.CONS.ZS,energy_imports_pct_use,-214.471540281044
AUS,2024,EG.IMP.CONS.ZS,energy_imports_pct_use,
AUS,1960,EG.USE.PCAP.KG.OE,energy_use_per_capita_kgoe,
AUS,1961,EG.USE.PCAP.KG.OE,energy_use_per_capita_kgoe,
AUS,1962,EG.USE.PCAP.KG.OE,energy_use_per_capita_kgoe,
AUS,1963,EG.USE.PCAP.KG.OE,energy_use_per_capita_kgoe,
AUS,1964,EG.USE.PCAP.KG.OE,energy_use_per_capita_kgoe,
AUS,1965,EG.USE.PCAP.KG.OE,energy_use_per_capita_kgoe,
AUS,1966,EG.USE.PCAP.KG.OE,energy_use_per_capita_kgoe,
AUS,1967,EG.USE.PCAP.KG.OE,energy_use_per_capita_kgoe,
AUS,1968,EG.USE.PCAP.KG.OE,energy_use_per_capita_kgoe,
AUS,1969,EG.USE.PCAP.KG.OE,energy_use_per_capita_kgoe,
AUS,1970,EG.USE.PCAP.KG.OE,energy_use_per_capita_kgoe,
AUS,1971,EG.USE.PCAP.KG.OE,energy_use_per_capita_kgoe,
AUS,1972,EG.USE.PCAP.KG.OE,energy_use_per_capita_kgoe,
AUS,1973,EG.USE.PCAP.KG.OE,energy_use_per_capita_kgoe,
AUS,1974,EG.USE.PCAP.KG.OE,energy_use_per_capita_kgoe,
AUS,1975,EG.USE.PCAP.KG.OE,energy_use_per_capita_kgoe,
AUS,1976,EG.USE.PCAP.KG.OE,energy_use_per_capita_kgoe,
AUS,1977,EG.USE.PCAP.KG.OE,energy_use_per_capita_kgoe,
AUS,1978,EG.USE.PCAP.KG.OE,energy_use_per_capita_kgoe,
AUS,1979,EG.USE.PCAP.KG.OE,energy_use_per_capita_kgoe,
AUS,1980,EG.USE.PCAP.KG.OE,energy_use_per_capita_kgoe,
AUS,1981,EG.USE.PCAP.KG.OE,energy_use_per_capita_kgoe,
AUS,1982,EG.USE.PCAP.KG.OE,energy_use_per_capita_kgoe,
AUS,1983,EG.USE.PCAP.KG.OE,energy_use_per_capita_kgoe,
AUS,1984,EG.USE.PCAP.KG.OE,energy_use_per_capita_kgoe,
AUS,1985,EG.USE.PCAP.KG.OE,energy_use_per_capita_kgoe,
AUS,1986,EG.USE.PCAP.KG.OE,energy_use_per_capita_kgoe,
AUS,1987,EG.USE.PCAP.KG.OE,energy_use_per_capita_kgoe,
AUS,1988,EG.USE.PCAP.KG.OE,energy_use_per_capita_kgoe,
AUS,1989,EG.USE.PCAP.KG.OE,energy_use_per_capita_kgoe,
AUS,1990,EG.USE.PCAP.KG.OE,energy_use_per_capita_kgoe,5047.63880316716
AUS,1991,EG.USE.PCAP.KG.OE,energy_use_per_capita_kgoe,4925.05735551339
AUS,1992,EG.USE.PCAP.KG.OE,energy_use_per_capita_kgoe,4960.57443467868
AUS,1993,EG.USE.PCAP.KG.OE,energy_use_per_capita_kgoe,5171.29276055127
AUS,1994,EG.USE.PCAP.KG.OE,energy_use_per_capita_kgoe,5127.43388651941
AUS,1995,EG.USE.PCAP.KG.OE,energy_use_per_capita_kgoe,5138.24234027092
AUS,1996,EG.USE.PCAP.KG.OE,energy_use_per_capita_kgoe,5429.944199086
AUS,1997,EG.USE.PCAP.KG.OE,energy_use_per_capita_kgoe,5497.64639169812
AUS,1998,EG.USE.PCAP.KG.OE,energy_use_per_capita_kgoe,5584.82787538452
AUS,1999,EG.USE.PCAP.KG.OE,energy_use_per_capita_kgoe,5644.57987814369
AUS,2000,EG.USE.PCAP.KG.OE,energy_use_per_capita_kgoe,5681.22885913159
AUS,2001,EG.USE.PCAP.KG.OE,energy_use_per_capita_kgoe,5486.39455905443
AUS,2002,EG.USE.PCAP.KG.OE,energy_use_per_capita_kgoe,5480.23464289818
AUS,2003,EG.USE.PCAP.KG.OE,energy_use_per_capita_kgoe,5615.57675632995
AUS,2004,EG.USE.PCAP.KG.OE,energy_use_per_capita_kgoe,5652.13037917952
AUS,2005,EG.USE.PCAP.KG.OE,energy_use_per_capita_kgoe,5624.49561264785
AUS,2006,EG.USE.PCAP.KG.OE,energy_use_per_capita_kgoe,5775.11675226564
AUS,2007,EG.USE.PCAP.KG.OE,energy_use_per_capita_kgoe,5853.76413229662
AUS,2008,EG.USE.PCAP.KG.OE,energy_use_per_capita_kgoe,5951.19291532561
AUS,2009,EG.USE.PCAP.KG.OE,energy_use_per_capita_kgoe,5843.93312947132
AUS,2010,EG.USE.PCAP.KG.OE,energy_use_per_capita_kgoe,5762.9435664152
AUS,2011,EG.USE.PCAP.KG.OE,energy_use_per_capita_kgoe,5698.65597309349
AUS,2012,EG.USE.PCAP.KG.OE,energy_use_per_capita_kgoe,5533.72233837943
AUS,2013,EG.USE.PCAP.KG.OE,energy_use_per_capita_kgoe,5533.38146350965
AUS,2014,EG.USE.PCAP.KG.OE,energy_use_per_capita_kgoe,5407.4382264583
AUS,2015,EG.USE.PCAP.KG.OE,energy_use_per_capita_kgoe,5318.66679266228
AUS,2016,EG.USE.PCAP.KG.OE,energy_use_per_capita_kgoe,5216.98867184459
AUS,2017,EG.USE.PCAP.KG.OE,energy_use_per_capita_kgoe,5162.45894302308
AUS,2018,EG.USE.PCAP.KG.OE,energy_use_per_capita_kgoe,5086.37378454852
AUS,2019,EG.USE.PCAP.KG.OE,energy_use_per_capita_kgoe,5231.57466031316
AUS,2020,EG.USE.PCAP.KG.OE,energy_use_per_capita_kgoe,5159.03638381788
AUS,2021,EG.USE.PCAP.KG.OE,energy_use_per_capita_kgoe,5006.44306522882
AUS,2022,EG.USE.PCAP.KG.OE,energy_use_per_capita_kgoe,4942.16372202842
AUS,2023,EG.USE.PCAP.KG.OE,energy_use_per_capita_kgoe,4927.64894813822
AUS,2024,EG.USE.PCAP.KG.OE,energy_use_per_capita_kgoe,4750.15843585384
AUS,1960,NE.EXP.GNFS.CD,exports_goods_services_current_usd,2413600386.17606
AUS,1961,NE.EXP.GNFS.CD,exports_goods_services_current_usd,2437120389.93926
AUS,1962,NE.EXP.GNFS.CD,exports_goods_services_current_usd,2773120443.69927
AUS,1963,NE.EXP.GNFS.CD,exports_goods_services_current_usd,2796640447.46247
AUS,1964,NE.EXP.GNFS.CD,exports_goods_services_current_usd,3549280567.88489
AUS,1965,NE.EXP.GNFS.CD,exports_goods_services_current_usd,3428320548.53129
AUS,1966,NE.EXP.GNFS.CD,exports_goods_services_current_usd,3525760564.12169
AUS,1967,NE.EXP.GNFS.CD,exports_goods_services_current_usd,3915520626.4833
AUS,1968,NE.EXP.GNFS.CD,exports_goods_services_current_usd,4016320642.6113
AUS,1969,NE.EXP.GNFS.CD,exports_goods_services_current_usd,4378080700.49291
AUS,1970,NE.EXP.GNFS.CD,exports_goods_services_current_usd,5354720856.75534
AUS,1971,NE.EXP.GNFS.CD,exports_goods_services_current_usd,5715360914.45775
AUS,1972,NE.EXP.GNFS.CD,exports_goods_services_current_usd,6663551401.86916
AUS,1973,NE.EXP.GNFS.CD,exports_goods_services_current_usd,9019859064.70211
AUS,1974,NE.EXP.GNFS.CD,exports_goods_services_current_usd,11680176860.7222
AUS,1975,NE.EXP.GNFS.CD,exports_goods_services_current_usd,13874095316.1273
AUS,1976,NE.EXP.GNFS.CD,exports_goods_services_current_usd,14184298826.9876
AUS,1977,NE.EXP.GNFS.CD,exports_goods_services_current_usd,15449644413.8564
AUS,1978,NE.EXP.GNFS.CD,exports_goods_services_current_usd,16122883554.3204
AUS,1979,NE.EXP.GNFS.CD,exports_goods_services_current_usd,19275247074.8608
AUS,1980,NE.EXP.GNFS.CD,exports_goods_services_current_usd,24616155988.8579
AUS,1981,NE.EXP.GNFS.CD,exports_goods_services_current_usd,26334610472.5415
AUS,1982,NE.EXP.GNFS.CD,exports_goods_services_current_usd,26231932031.3362
AUS,1983,NE.EXP.GNFS.CD,exports_goods_services_current_usd,24060337550.3733
AUS,1984,NE.EXP.GNFS.CD,exports_goods_services_current_usd,26235903974.9613
AUS,1985,NE.EXP.GNFS.CD,exports_goods_services_current_usd,27497313397.1163
AUS,1986,NE.EXP.GNFS.CD,exports_goods_services_current_usd,27321628427.5322
AUS,1987,NE.EXP.GNFS.CD,exports_goods_services_current_usd,29290629962.9434
AUS,1988,NE.EXP.GNFS.CD,exports_goods_services_current_usd,37674402360.871
AUS,1989,NE.EXP.GNFS.CD,exports_goods_services_current_usd,45333960856.8628
AUS,1990,NE.EXP.GNFS.CD,exports_goods_services_current_usd,47071479854.3762
AUS,1991,NE.EXP.GNFS.CD,exports_goods_services_current_usd,52248569798.3159
AUS,1992,NE.EXP.GNFS.CD,exports_goods_services_current_usd,54226800318.0809
AUS,1993,NE.EXP.GNFS.CD,exports_goods_services_current_usd,54747048903.8786
AUS,1994,NE.EXP.GNFS.CD,exports_goods_services_current_usd,58015219647.1809
AUS,1995,NE.EXP.GNFS.CD,exports_goods_services_current_usd,65793733293.7333
AUS,1996,NE.EXP.GNFS.CD,exports_goods_services_current_usd,75814054769.3059
AUS,1997,NE.EXP.GNFS.CD,exports_goods_services_current_usd,83327463879.3804
AUS,1998,NE.EXP.GNFS.CD,exports_goods_services_current_usd,78166587533.0665
AUS,1999,NE.EXP.GNFS.CD,exports_goods_services_current_usd,71285875422.9853
AUS,2000,NE.EXP.GNFS.CD,exports_goods_services_current_usd,80695888525.1996
AUS,2001,NE.EXP.GNFS.CD,exports_goods_services_current_usd,84096722017.0419
AUS,2002,NE.EXP.GNFS.CD,exports_goods_services_current_usd,82033782309.5723
AUS,2003,NE.EXP.GNFS.CD,exports_goods_services_current_usd,89138031450.2038
AUS,2004,NE.EXP.GNFS.CD,exports_goods_services_current_usd,105490823730.26
AUS,2005,NE.EXP.GNFS.CD,exports_goods_services_current_usd,126785667301.888
AUS,2006,NE.EXP.GNFS.CD,exports_goods_services_current_usd,148587374344.676
AUS,2007,NE.EXP.GNFS.CD,exports_goods_services_current_usd,172570464002.512
AUS,2008,NE.EXP.GNFS.CD,exports_goods_services_current_usd,212794797279.029
AUS,2009,NE.EXP.GNFS.CD,exports_goods_services_current_usd,213717313259.647
AUS,2010,NE.EXP.GNFS.CD,exports_goods_services_current_usd,227427026265.26
AUS,2011,NE.EXP.GNFS.CD,exports_goods_services_current_usd,299823615768.297
AUS,2012,NE.EXP.GNFS.CD,exports_goods_services_current_usd,332613569102.522
AUS,2013,NE.EXP.GNFS.CD,exports_goods_services_current_usd,315055128030.195
AUS,2014,NE.EXP.GNFS.CD,exports_goods_services_current_usd,309621975144.753
AUS,2015,NE.EXP.GNFS.CD,exports_goods_services_current_usd,271152836560.501
AUS,2016,NE.EXP.GNFS.CD,exports_goods_services_current_usd,232663011512.861
AUS,2017,NE.EXP.GNFS.CD,exports_goods_services_current_usd,281774035049.614
AUS,2018,NE.EXP.GNFS.CD,exports_goods_services_current_usd,312605804111.245
AUS,2019,NE.EXP.GNFS.CD,exports_goods_services_current_usd,336477593836.115
AUS,2020,NE.EXP.GNFS.CD,exports_goods_services_current_usd,319174580744.374
AUS,2021,NE.EXP.GNFS.CD,exports_goods_services_current_usd,343364164705.654
AUS,2022,NE.EXP.GNFS.CD,exports_goods_services_current_usd,431732710875.763
AUS,2023,NE.EXP.GNFS.CD,exports_goods_services_current_usd,463117015978.139
AUS,2024,NE.EXP.GNFS.CD,exports_goods_services_current_usd,432605705549.386
AUS,1960,NV.IND.TOTL.CD,industry_value_added_current_usd,
AUS,1961,NV.IND.TOTL.CD,industry_value_added_current_usd,
AUS,1962,NV.IND.TOTL.CD,industry_value_added_current_usd,
AUS,1963,NV.IND.TOTL.CD,industry_value_added_current_usd,
AUS,1964,NV.IND.TOTL.CD,industry_value_added_current_usd,
AUS,1965,NV.IND.TOTL.CD,industry_value_added_current_usd,
AUS,1966,NV.IND.TOTL.CD,industry_value_added_current_usd,
AUS,1967,NV.IND.TOTL.CD,industry_value_added_current_usd,
AUS,1968,NV.IND.TOTL.CD,industry_value_added_current_usd,
AUS,1969,NV.IND.TOTL.CD,industry_value_added_current_usd,
AUS,1970,NV.IND.TOTL.CD,industry_value_added_current_usd,
AUS,1971,NV.IND.TOTL.CD,industry_value_added_current_usd,
AUS,1972,NV.IND.TOTL.CD,industry_value_added_current_usd,
AUS,1973,NV.IND.TOTL.CD,industry_value_added_current_usd,
AUS,1974,NV.IND.TOTL.CD,industry_value_added_current_usd,
AUS,1975,NV.IND.TOTL.CD,industry_value_added_current_usd,
AUS,1976,NV.IND.TOTL.CD,industry_value_added_current_usd,
AUS,1977,NV.IND.TOTL.CD,industry_value_added_current_usd,
AUS,1978,NV.IND.TOTL.CD,industry_value_added_current_usd,
AUS,1979,NV.IND.TOTL.CD,industry_value_added_current_usd,
AUS,1980,NV.IND.TOTL.CD,industry_value_added_current_usd,
AUS,1981,NV.IND.TOTL.CD,industry_value_added_current_usd,
AUS,1982,NV.IND.TOTL.CD,industry_value_added_current_usd,
AUS,1983,NV.IND.TOTL.CD,industry_value_added_current_usd,
AUS,1984,NV.IND.TOTL.CD,industry_value_added_current_usd,
AUS,1985,NV.IND.TOTL.CD,industry_value_added_current_usd,
AUS,1986,NV.IND.TOTL.CD,industry_value_added_current_usd,
AUS,1987,NV.IND.TOTL.CD,industry_value_added_current_usd,
AUS,1988,NV.IND.TOTL.CD,industry_value_added_current_usd,
AUS,1989,NV.IND.TOTL.CD,industry_value_added_current_usd,
AUS,1990,NV.IND.TOTL.CD,industry_value_added_current_usd,89883671806.2844
AUS,1991,NV.IND.TOTL.CD,industry_value_added_current_usd,90424692788.2046
AUS,1992,NV.IND.TOTL.CD,industry_value_added_current_usd,87799873567.4438
AUS,1993,NV.IND.TOTL.CD,industry_value_added_current_usd,84044406970.208
AUS,1994,NV.IND.TOTL.CD,industry_value_added_current_usd,86723625043.2376
AUS,1995,NV.IND.TOTL.CD,industry_value_added_current_usd,97556430056.4301
AUS,1996,NV.IND.TOTL.CD,industry_value_added_current_usd,104509025410.451
AUS,1997,NV.IND.TOTL.CD,industry_value_added_current_usd,109997480047.77
AUS,1998,NV.IND.TOTL.CD,industry_value_added_current_usd,101597368242.556
AUS,1999,NV.IND.TOTL.CD,industry_value_added_current_usd,96043363830.0539
AUS,2000,NV.IND.TOTL.CD,industry_value_added_current_usd,102276295527.795
AUS,2001,NV.IND.TOTL.CD,industry_value_added_current_usd,89714404084.5722
AUS,2002,NV.IND.TOTL.CD,industry_value_added_current_usd,93381406910.8122
AUS,2003,NV.IND.TOTL.CD,industry_value_added_current_usd,112405358182.877
AUS,2004,NV.IND.TOTL.CD,industry_value_added_current_usd,147027315407.597
AUS,2005,NV.IND.TOTL.CD,industry_value_added_current_usd,170881303819.973
AUS,2006,NV.IND.TOTL.CD,industry_value_added_current_usd,191079950703.73
AUS,2007,NV.IND.TOTL.CD,industry_value_added_current_usd,219047656434.011
AUS,2008,NV.IND.TOTL.CD,industry_value_added_current_usd,270000376022.647
AUS,2009,NV.IND.TOTL.CD,industry_value_added_current_usd,251366518528.99
AUS,2010,NV.IND.TOTL.CD,industry_value_added_current_usd,289389081684.782
AUS,2011,NV.IND.TOTL.CD,industry_value_added_current_usd,371238031950.293
AUS,2012,NV.IND.TOTL.CD,industry_value_added_current_usd,408884860409.049
AUS,2013,NV.IND.TOTL.CD,industry_value_added_current_usd,398842347273.248
AUS,2014,NV.IND.TOTL.CD,industry_value_added_current_usd,377072838890.74
AUS,2015,NV.IND.TOTL.CD,industry_value_added_current_usd,321374521499.154
AUS,2016,NV.IND.TOTL.CD,industry_value_added_current_usd,270341862672.591
AUS,2017,NV.IND.TOTL.CD,industry_value_added_current_usd,312066301192.58
AUS,2018,NV.IND.TOTL.CD,industry_value_added_current_usd,345507394660.962
AUS,2019,NV.IND.TOTL.CD,industry_value_added_current_usd,353160364437.648
AUS,2020,NV.IND.TOTL.CD,industry_value_added_current_usd,338705320123.801
AUS,2021,NV.IND.TOTL.CD,industry_value_added_current_usd,396955224727.193
AUS,2022,NV.IND.TOTL.CD,industry_value_added_current_usd,464635214371.282
AUS,2023,NV.IND.TOTL.CD,industry_value_added_current_usd,477265140195.722
AUS,2024,NV.IND.TOTL.CD,industry_value_added_current_usd,448580693125.779
AUS,1960,NY.GDP.MKTP.CD,gdp_current_usd,18635682981.7093
AUS,1961,NY.GDP.MKTP.CD,gdp_current_usd,19713123154.0997
AUS,1962,NY.GDP.MKTP.CD,gdp_current_usd,19953923192.6277
AUS,1963,NY.GDP.MKTP.CD,gdp_current_usd,21573443451.751
AUS,1964,NY.GDP.MKTP.CD,gdp_current_usd,23835843813.735
AUS,1965,NY.GDP.MKTP.CD,gdp_current_usd,26014244162.2791
AUS,1966,NY.GDP.MKTP.CD,gdp_current_usd,27349284375.8855
AUS,1967,NY.GDP.MKTP.CD,gdp_current_usd,30487524878.004
AUS,1968,NY.GDP.MKTP.CD,gdp_current_usd,32763365242.1384
AUS,1969,NY.GDP.MKTP.CD,gdp_current_usd,36738245878.1193
AUS,1970,NY.GDP.MKTP.CD,gdp_current_usd,41395206623.2331
AUS,1971,NY.GDP.MKTP.CD,gdp_current_usd,45283847245.4156
AUS,1972,NY.GDP.MKTP.CD,gdp_current_usd,52117990654.2056
AUS,1973,NY.GDP.MKTP.CD,gdp_current_usd,63923126201.1531
AUS,1974,NY.GDP.MKTP.CD,gdp_current_usd,89086219602.0634
AUS,1975,NY.GDP.MKTP.CD,gdp_current_usd,97440939505.6671
AUS,1976,NY.GDP.MKTP.CD,gdp_current_usd,105209354855.787
AUS,1977,NY.GDP.MKTP.CD,gdp_current_usd,110504702913.512
AUS,1978,NY.GDP.MKTP.CD,gdp_current_usd,118660813779.849
AUS,1979,NY.GDP.MKTP.CD,gdp_current_usd,135093718050.665
AUS,1980,NY.GDP.MKTP.CD,gdp_current_usd,150200557103.064
AUS,1981,NY.GDP.MKTP.CD,gdp_current_usd,177151979565.773
AUS,1982,NY.GDP.MKTP.CD,gdp_current_usd,194323071830.52
AUS,1983,NY.GDP.MKTP.CD,gdp_current_usd,177523719680.081
AUS,1984,NY.GDP.MKTP.CD,gdp_current_usd,193749932078.26
AUS,1985,NY.GDP.MKTP.CD,gdp_current_usd,180861108959.102
AUS,1986,NY.GDP.MKTP.CD,gdp_current_usd,182707050923.335
AUS,1987,NY.GDP.MKTP.CD,gdp_current_usd,189726707252.515
AUS,1988,NY.GDP.MKTP.CD,gdp_current_usd,236461079970.431
AUS,1989,NY.GDP.MKTP.CD,gdp_current_usd,300264309002.14
AUS,1990,NY.GDP.MKTP.CD,gdp_current_usd,311840666465.053
AUS,1991,NY.GDP.MKTP.CD,gdp_current_usd,326416407860.792
AUS,1992,NY.GDP.MKTP.CD,gdp_current_usd,325982966981.415
AUS,1993,NY.GDP.MKTP.CD,gdp_current_usd,312568858909.5
AUS,1994,NY.GDP.MKTP.CD,gdp_current_usd,323269456935.317
AUS,1995,NY.GDP.MKTP.CD,gdp_current_usd,368725126225.126
AUS,1996,NY.GDP.MKTP.CD,gdp_current_usd,401962517479.122
AUS,1997,NY.GDP.MKTP.CD,gdp_current_usd,436321902767.408
AUS,1998,NY.GDP.MKTP.CD,gdp_current_usd,400361527504.578
AUS,1999,NY.GDP.MKTP.CD,gdp_current_usd,390347787943.351
AUS,2000,NY.GDP.MKTP.CD,gdp_current_usd,416901962163.479
AUS,2001,NY.GDP.MKTP.CD,gdp_current_usd,380360222861.197
AUS,2002,NY.GDP.MKTP.CD,gdp_current_usd,396436967262.563
AUS,2003,NY.GDP.MKTP.CD,gdp_current_usd,468517181129.878
AUS,2004,NY.GDP.MKTP.CD,gdp_current_usd,615643050220.515
AUS,2005,NY.GDP.MKTP.CD,gdp_current_usd,696811489612.816
AUS,2006,NY.GDP.MKTP.CD,gdp_current_usd,749708370332.989
AUS,2007,NY.GDP.MKTP.CD,gdp_current_usd,856603595823.192
AUS,2008,NY.GDP.MKTP.CD,gdp_current_usd,1058448244063.77
AUS,2009,NY.GDP.MKTP.CD,gdp_current_usd,931761689770.843
AUS,2010,NY.GDP.MKTP.CD,gdp_current_usd,1152566632022.13
AUS,2011,NY.GDP.MKTP.CD,gdp_current_usd,1402939868653.4
AUS,2012,NY.GDP.MKTP.CD,gdp_current_usd,1552728401401.58
AUS,2013,NY.GDP.MKTP.CD,gdp_current_usd,1583737461925.39
AUS,2014,NY.GDP.MKTP.CD,gdp_current_usd,1474677007565.64
AUS,2015,NY.GDP.MKTP.CD,gdp_current_usd,1356805839935.9
AUS,2016,NY.GDP.MKTP.CD,gdp_current_usd,1211588128417.61
AUS,2017,NY.GDP.MKTP.CD,gdp_current_usd,1330890554614.09
AUS,2018,NY.GDP.MKTP.CD,gdp_current_usd,1433144978761.67
AUS,2019,NY.GDP.MKTP.CD,gdp_current_usd,1398349602956.35
AUS,2020,NY.GDP.MKTP.CD,gdp_current_usd,1333336461648.09
AUS,2021,NY.GDP.MKTP.CD,gdp_current_usd,1560617493202.69
AUS,2022,NY.GDP.MKTP.CD,gdp_current_usd,1695627535475.8
AUS,2023,NY.GDP.MKTP.CD,gdp_current_usd,1734451264655.6
AUS,2024,NY.GDP.MKTP.CD,gdp_current_usd,1757022451652.83
AUS,1960,NY.GDP.MKTP.KD,gdp_constant_2015_usd,205087842011.627
AUS,1961,NY.GDP.MKTP.KD,gdp_constant_2015_usd,210175778904.47
AUS,1962,NY.GDP.MKTP.KD,gdp_constant_2015_usd,212901615358.772
AUS,1963,NY.GDP.MKTP.KD,gdp_constant_2015_usd,226132122992.082
AUS,1964,NY.GDP.MKTP.KD,gdp_constant_2015_usd,241910654447.632
AUS,1965,NY.GDP.MKTP.KD,gdp_constant_2015_usd,256370876810.039
AUS,1966,NY.GDP.MKTP.KD,gdp_constant_2015_usd,262475153273.507
AUS,1967,NY.GDP.MKTP.KD,gdp_constant_2015_usd,279029197366.433
AUS,1968,NY.GDP.MKTP.KD,gdp_constant_2015_usd,293246097179.704
AUS,1969,NY.GDP.MKTP.KD,gdp_constant_2015_usd,313912916257.011
AUS,1970,NY.GDP.MKTP.KD,gdp_constant_2015_usd,336435225747.478
AUS,1971,NY.GDP.MKTP.KD,gdp_constant_2015_usd,349895953946.509
AUS,1972,NY.GDP.MKTP.KD,gdp_constant_2015_usd,363566313880.18
AUS,1973,NY.GDP.MKTP.KD,gdp_constant_2015_usd,373086464591.143
AUS,1974,NY.GDP.MKTP.KD,gdp_constant_2015_usd,388407674435.11
AUS,1975,NY.GDP.MKTP.KD,gdp_constant_2015_usd,393607290138.968
AUS,1976,NY.GDP.MKTP.KD,gdp_constant_2015_usd,403793146388.209
AUS,1977,NY.GDP.MKTP.KD,gdp_constant_2015_usd,418298913740.583
AUS,1978,NY.GDP.MKTP.KD,gdp_constant_2015_usd,422044209285.37
AUS,1979,NY.GDP.MKTP.KD,gdp_constant_2015_usd,439143545449.951
AUS,1980,NY.GDP.MKTP.KD,gdp_constant_2015_usd,452469510390.999
AUS,1981,NY.GDP.MKTP.KD,gdp_constant_2015_usd,467592942675.796
AUS,1982,NY.GDP.MKTP.KD,gdp_constant_2015_usd,483157475068.901
AUS,1983,NY.GDP.MKTP.KD,gdp_constant_2015_usd,472403242301.035
AUS,1984,NY.GDP.MKTP.KD,gdp_constant_2015_usd,493965987482.343
AUS,1985,NY.GDP.MKTP.KD,gdp_constant_2015_usd,520055779885.535
AUS,1986,NY.GDP.MKTP.KD,gdp_constant_2015_usd,540700762323.817
AUS,1987,NY.GDP.MKTP.KD,gdp_constant_2015_usd,554525226538.608
AUS,1988,NY.GDP.MKTP.KD,gdp_constant_2015_usd,586473477240.243
AUS,1989,NY.GDP.MKTP.KD,gdp_constant_2015_usd,609222887776.571
AUS,1990,NY.GDP.MKTP.KD,gdp_constant_2015_usd,630990273460.742
AUS,1991,NY.GDP.MKTP.KD,gdp_constant_2015_usd,628563287009.097
AUS,1992,NY.GDP.MKTP.KD,gdp_constant_2015_usd,631285380039.566
AUS,1993,NY.GDP.MKTP.KD,gdp_constant_2015_usd,656826136947.271
AUS,1994,NY.GDP.MKTP.KD,gdp_constant_2015_usd,682960226532.486
AUS,1995,NY.GDP.MKTP.KD,gdp_constant_2015_usd,709528553282.314
AUS,1996,NY.GDP.MKTP.KD,gdp_constant_2015_usd,736956619705.757
AUS,1997,NY.GDP.MKTP.KD,gdp_constant_2015_usd,765830271632.661
AUS,1998,NY.GDP.MKTP.KD,gdp_constant_2015_usd,801646726961.596
AUS,1999,NY.GDP.MKTP.KD,gdp_constant_2015_usd,841955290889.975
AUS,2000,NY.GDP.MKTP.KD,gdp_constant_2015_usd,874926744105.928
AUS,2001,NY.GDP.MKTP.KD,gdp_constant_2015_usd,892700520464.398
AUS,2002,NY.GDP.MKTP.KD,gdp_constant_2015_usd,927960453450.18
AUS,2003,NY.GDP.MKTP.KD,gdp_constant_2015_usd,956646310281.468
AUS,2004,NY.GDP.MKTP.KD,gdp_constant_2015_usd,997006658239.536
AUS,2005,NY.GDP.MKTP.KD,gdp_constant_2015_usd,1028467016034.95
AUS,2006,NY.GDP.MKTP.KD,gdp_constant_2015_usd,1056965077770.63
AUS,2007,NY.GDP.MKTP.KD,gdp_constant_2015_usd,1097018464974.4
AUS,2008,NY.GDP.MKTP.KD,gdp_constant_2015_usd,1136774249983.46
AUS,2009,NY.GDP.MKTP.KD,gdp_constant_2015_usd,1158996461663.32
AUS,2010,NY.GDP.MKTP.KD,gdp_constant_2015_usd,1184610839239.74
AUS,2011,NY.GDP.MKTP.KD,gdp_constant_2015_usd,1212979128949.21
AUS,2012,NY.GDP.MKTP.KD,gdp_constant_2015_usd,1260921781880.75
AUS,2013,NY.GDP.MKTP.KD,gdp_constant_2015_usd,1294392358274.42
AUS,2014,NY.GDP.MKTP.KD,gdp_constant_2015_usd,1328061960035.21
AUS,2015,NY.GDP.MKTP.KD,gdp_constant_2015_usd,1356805839935.9
AUS,2016,NY.GDP.MKTP.KD,gdp_constant_2015_usd,1394194533274.64
AUS,2017,NY.GDP.MKTP.KD,gdp_constant_2015_usd,1426167740135.16
AUS,2018,NY.GDP.MKTP.KD,gdp_constant_2015_usd,1467158231105.1
AUS,2019,NY.GDP.MKTP.KD,gdp_constant_2015_usd,1499347932643.95
AUS,2020,NY.GDP.MKTP.KD,gdp_constant_2015_usd,1497345824797.34
AUS,2021,NY.GDP.MKTP.KD,gdp_constant_2015_usd,1527396783519.68
AUS,2022,NY.GDP.MKTP.KD,gdp_constant_2015_usd,1592357665099.43
AUS,2023,NY.GDP.MKTP.KD,gdp_constant_2015_usd,1649424913623.6
AUS,2024,NY.GDP.MKTP.KD,gdp_constant_2015_usd,1672078242948.22
CHN,1960,EG.IMP.CONS.ZS,energy_imports_pct_use,
CHN,1961,EG.IMP.CONS.ZS,energy_imports_pct_use,
CHN,1962,EG.IMP.CONS.ZS,energy_imports_pct_use,
CHN,1963,EG.IMP.CONS.ZS,energy_imports_pct_use,
CHN,1964,EG.IMP.CONS.ZS,energy_imports_pct_use,
CHN,1965,EG.IMP.CONS.ZS,energy_imports_pct_use,
CHN,1966,EG.IMP.CONS.ZS,energy_imports_pct_use,
CHN,1967,EG.IMP.CONS.ZS,energy_imports_pct_use,
CHN,1968,EG.IMP.CONS.ZS,energy_imports_pct_use,
CHN,1969,EG.IMP.CONS.ZS,energy_imports_pct_use,
CHN,1970,EG.IMP.CONS.ZS,energy_imports_pct_use,
CHN,1971,EG.IMP.CONS.ZS,energy_imports_pct_use,
CHN,1972,EG.IMP.CONS.ZS,energy_imports_pct_use,
CHN,1973,EG.IMP.CONS.ZS,energy_imports_pct_use,
CHN,1974,EG.IMP.CONS.ZS,energy_imports_pct_use,
CHN,1975,EG.IMP.CONS.ZS,energy_imports_pct_use,
CHN,1976,EG.IMP.CONS.ZS,energy_imports_pct_use,
CHN,1977,EG.IMP.CONS.ZS,energy_imports_pct_use,
CHN,1978,EG.IMP.CONS.ZS,energy_imports_pct_use,
CHN,1979,EG.IMP.CONS.ZS,energy_imports_pct_use,
CHN,1980,EG.IMP.CONS.ZS,energy_imports_pct_use,
CHN,1981,EG.IMP.CONS.ZS,energy_imports_pct_use,
CHN,1982,EG.IMP.CONS.ZS,energy_imports_pct_use,
CHN,1983,EG.IMP.CONS.ZS,energy_imports_pct_use,
CHN,1984,EG.IMP.CONS.ZS,energy_imports_pct_use,
CHN,1985,EG.IMP.CONS.ZS,energy_imports_pct_use,
CHN,1986,EG.IMP.CONS.ZS,energy_imports_pct_use,
CHN,1987,EG.IMP.CONS.ZS,energy_imports_pct_use,
CHN,1988,EG.IMP.CONS.ZS,energy_imports_pct_use,
CHN,1989,EG.IMP.CONS.ZS,energy_imports_pct_use,
CHN,1990,EG.IMP.CONS.ZS,energy_imports_pct_use,-3.991341834913
CHN,1991,EG.IMP.CONS.ZS,energy_imports_pct_use,-3.5844945560059
CHN,1992,EG.IMP.CONS.ZS,energy_imports_pct_use,-2.63382169910883
CHN,1993,EG.IMP.CONS.ZS,energy_imports_pct_use,-0.368768942248344
CHN,1994,EG.IMP.CONS.ZS,energy_imports_pct_use,-1.47072499046091
CHN,1995,EG.IMP.CONS.ZS,energy_imports_pct_use,-1.24567989587008
CHN,1996,EG.IMP.CONS.ZS,energy_imports_pct_use,-1.12646996020989
CHN,1997,EG.IMP.CONS.ZS,energy_imports_pct_use,0.649738031011822
CHN,1998,EG.IMP.CONS.ZS,energy_imports_pct_use,0.305622763116886
CHN,1999,EG.IMP.CONS.ZS,energy_imports_pct_use,1.2667491963187
CHN,2000,EG.IMP.CONS.ZS,energy_imports_pct_use,2.45807505926914
CHN,2001,EG.IMP.CONS.ZS,energy_imports_pct_use,0.0954125824372545
CHN,2002,EG.IMP.CONS.ZS,energy_imports_pct_use,1.55077393655025
CHN,2003,EG.IMP.CONS.ZS,energy_imports_pct_use,2.81787719089625
CHN,2004,EG.IMP.CONS.ZS,energy_imports_pct_use,5.80570745907935
CHN,2005,EG.IMP.CONS.ZS,energy_imports_pct_use,5.60861584629628
CHN,2006,EG.IMP.CONS.ZS,energy_imports_pct_use,6.95939640874444
CHN,2007,EG.IMP.CONS.ZS,energy_imports_pct_use,7.94609861840451
CHN,2008,EG.IMP.CONS.ZS,energy_imports_pct_use,8.6324519295838
CHN,2009,EG.IMP.CONS.ZS,energy_imports_pct_use,12.0784803208113
CHN,2010,EG.IMP.CONS.ZS,energy_imports_pct_use,13.5822901864238
CHN,2011,EG.IMP.CONS.ZS,energy_imports_pct_use,14.7187375691953
CHN,2012,EG.IMP.CONS.ZS,energy_imports_pct_use,16.5519076203457
CHN,2013,EG.IMP.CONS.ZS,energy_imports_pct_use,17.3260320088109
CHN,2014,EG.IMP.CONS.ZS,energy_imports_pct_use,17.5411749363193
CHN,2015,EG.IMP.CONS.ZS,energy_imports_pct_use,16.7064227414127
CHN,2016,EG.IMP.CONS.ZS,energy_imports_pct_use,19.1930740055994
CHN,2017,EG.IMP.CONS.ZS,energy_imports_pct_use,20.4189899878205
CHN,2018,EG.IMP.CONS.ZS,energy_imports_pct_use,21.668746469651
CHN,2019,EG.IMP.CONS.ZS,energy_imports_pct_use,22.2209738878689
CHN,2020,EG.IMP.CONS.ZS,energy_imports_pct_use,22.9745721923886
CHN,2021,EG.IMP.CONS.ZS,energy_imports_pct_use,21.638660726732
CHN,2022,EG.IMP.CONS.ZS,energy_imports_pct_use,20.6245589248584
CHN,2023,EG.IMP.CONS.ZS,energy_imports_pct_use,23.9617588276826
CHN,2024,EG.IMP.CONS.ZS,energy_imports_pct_use,
CHN,1960,EG.USE.PCAP.KG.OE,energy_use_per_capita_kgoe,
CHN,1961,EG.USE.PCAP.KG.OE,energy_use_per_capita_kgoe,
CHN,1962,EG.USE.PCAP.KG.OE,energy_use_per_capita_kgoe,
CHN,1963,EG.USE.PCAP.KG.OE,energy_use_per_capita_kgoe,
CHN,1964,EG.USE.PCAP.KG.OE,energy_use_per_capita_kgoe,
CHN,1965,EG.USE.PCAP.KG.OE,energy_use_per_capita_kgoe,
CHN,1966,EG.USE.PCAP.KG.OE,energy_use_per_capita_kgoe,
CHN,1967,EG.USE.PCAP.KG.OE,energy_use_per_capita_kgoe,
CHN,1968,EG.USE.PCAP.KG.OE,energy_use_per_capita_kgoe,
CHN,1969,EG.USE.PCAP.KG.OE,energy_use_per_capita_kgoe,
CHN,1970,EG.USE.PCAP.KG.OE,energy_use_per_capita_kgoe,
CHN,1971,EG.USE.PCAP.KG.OE,energy_use_per_capita_kgoe,
CHN,1972,EG.USE.PCAP.KG.OE,energy_use_per_capita_kgoe,
CHN,1973,EG.USE.PCAP.KG.OE,energy_use_per_capita_kgoe,
CHN,1974,EG.USE.PCAP.KG.OE,energy_use_per_capita_kgoe,
CHN,1975,EG.USE.PCAP.KG.OE,energy_use_per_capita_kgoe,
CHN,1976,EG.USE.PCAP.KG.OE,energy_use_per_capita_kgoe,
CHN,1977,EG.USE.PCAP.KG.OE,energy_use_per_capita_kgoe,
CHN,1978,EG.USE.PCAP.KG.OE,energy_use_per_capita_kgoe,
CHN,1979,EG.USE.PCAP.KG.OE,energy_use_per_capita_kgoe,
CHN,1980,EG.USE.PCAP.KG.OE,energy_use_per_capita_kgoe,
CHN,1981,EG.USE.PCAP.KG.OE,energy_use_per_capita_kgoe,
CHN,1982,EG.USE.PCAP.KG.OE,energy_use_per_capita_kgoe,
CHN,1983,EG.USE.PCAP.KG.OE,energy_use_per_capita_kgoe,
CHN,1984,EG.USE.PCAP.KG.OE,energy_use_per_capita_kgoe,
CHN,1985,EG.USE.PCAP.KG.OE,energy_use_per_capita_kgoe,
CHN,1986,EG.USE.PCAP.KG.OE,energy_use_per_capita_kgoe,
CHN,1987,EG.USE.PCAP.KG.OE,energy_use_per_capita_kgoe,
CHN,1988,EG.USE.PCAP.KG.OE,energy_use_per_capita_kgoe,
CHN,1989,EG.USE.PCAP.KG.OE,energy_use_per_capita_kgoe,
CHN,1990,EG.USE.PCAP.KG.OE,energy_use_per_capita_kgoe,773.250116673841
CHN,1991,EG.USE.PCAP.KG.OE,energy_use_per_capita_kgoe,740.586120549437
CHN,1992,EG.USE.PCAP.KG.OE,energy_use_per_capita_kgoe,756.63514647117
CHN,1993,EG.USE.PCAP.KG.OE,energy_use_per_capita_kgoe,792.633509359554
CHN,1994,EG.USE.PCAP.KG.OE,energy_use_per_capita_kgoe,821.273750333988
CHN,1995,EG.USE.PCAP.KG.OE,energy_use_per_capita_kgoe,872.82633002387
CHN,1996,EG.USE.PCAP.KG.OE,energy_use_per_capita_kgoe,884.894160616361
CHN,1997,EG.USE.PCAP.KG.OE,energy_use_per_capita_kgoe,876.489344673065
CHN,1998,EG.USE.PCAP.KG.OE,energy_use_per_capita_kgoe,872.405987083978
CHN,1999,EG.USE.PCAP.KG.OE,energy_use_per_capita_kgoe,880.738578841902
CHN,2000,EG.USE.PCAP.KG.OE,energy_use_per_capita_kgoe,898.07500446721
CHN,2001,EG.USE.PCAP.KG.OE,energy_use_per_capita_kgoe,921.506436459842
CHN,2002,EG.USE.PCAP.KG.OE,energy_use_per_capita_kgoe,976.159336791292
CHN,2003,EG.USE.PCAP.KG.OE,energy_use_per_capita_kgoe,1105.13742396493
CHN,2004,EG.USE.PCAP.KG.OE,energy_use_per_capita_kgoe,1249.04415339994
CHN,2005,EG.USE.PCAP.KG.OE,energy_use_per_capita_kgoe,1369.79197119649
CHN,2006,EG.USE.PCAP.KG.OE,energy_use_per_capita_kgoe,1490.18647938836
CHN,2007,EG.USE.PCAP.KG.OE,energy_use_per_capita_kgoe,1595.46606847798
CHN,2008,EG.USE.PCAP.KG.OE,energy_use_per_capita_kgoe,1629.97754209383
CHN,2009,EG.USE.PCAP.KG.OE,energy_use_per_capita_kgoe,1728.61645229501
CHN,2010,EG.USE.PCAP.KG.OE,energy_use_per_capita_kgoe,1899.79996108685
CHN,2011,EG.USE.PCAP.KG.OE,energy_use_per_capita_kgoe,2027.46525356855
CHN,2012,EG.USE.PCAP.KG.OE,energy_use_per_capita_kgoe,2085.21872095825
CHN,2013,EG.USE.PCAP.KG.OE,energy_use_per_capita_kgoe,2137.32572690907
CHN,2014,EG.USE.PCAP.KG.OE,energy_use_per_capita_kgoe,2177.55011435267
CHN,2015,EG.USE.PCAP.KG.OE,energy_use_per_capita_kgoe,2175.1544486832
CHN,2016,EG.USE.PCAP.KG.OE,energy_use_per_capita_kgoe,2149.2047500244
CHN,2017,EG.USE.PCAP.KG.OE,energy_use_per_capita_kgoe,2215.91139022057
CHN,2018,EG.USE.PCAP.KG.OE,energy_use_per_capita_kgoe,2310.87757050979
CHN,2019,EG.USE.PCAP.KG.OE,energy_use_per_capita_kgoe,2397.96868908473
CHN,2020,EG.USE.PCAP.KG.OE,energy_use_per_capita_kgoe,2465.96954605987
CHN,2021,EG.USE.PCAP.KG.OE,energy_use_per_capita_kgoe,2623.79959356116
CHN,2022,EG.USE.PCAP.KG.OE,energy_use_per_capita_kgoe,2676.48200976111
CHN,2023,EG.USE.PCAP.KG.OE,energy_use_per_capita_kgoe,2850.94152906511
CHN,2024,EG.USE.PCAP.KG.OE,energy_use_per_capita_kgoe,
CHN,1960,NE.EXP.GNFS.CD,exports_goods_services_current_usd,1883060000.0
CHN,1961,NE.EXP.GNFS.CD,exports_goods_services_current_usd,1505610000.0
CHN,1962,NE.EXP.GNFS.CD,exports_goods_services_current_usd,1505370000.0
CHN,1963,NE.EXP.GNFS.CD,exports_goods_services_current_usd,1666350000.0
CHN,1964,NE.EXP.GNFS.CD,exports_goods_services_current_usd,1938860000.0
CHN,1965,NE.EXP.GNFS.CD,exports_goods_services_current_usd,2246600000.0
CHN,1966,NE.EXP.GNFS.CD,exports_goods_services_current_usd,2370600000.0
CHN,1967,NE.EXP.GNFS.CD,exports_goods_services_current_usd,2155880000.0
CHN,1968,NE.EXP.GNFS.CD,exports_goods_services_current_usd,2114700000.0
CHN,1969,NE.EXP.GNFS.CD,exports_goods_services_current_usd,2214390000.0
CHN,1970,NE.EXP.GNFS.CD,exports_goods_services_current_usd,2274220000.0
CHN,1971,NE.EXP.GNFS.CD,exports_goods_services_current_usd,2710416000.0
CHN,1972,NE.EXP.GNFS.CD,exports_goods_services_current_usd,3537210000.0
CHN,1973,NE.EXP.GNFS.CD,exports_goods_services_current_usd,5959279000.0
CHN,1974,NE.EXP.GNFS.CD,exports_goods_services_current_usd,7213067000.0
CHN,1975,NE.EXP.GNFS.CD,exports_goods_services_current_usd,7974570000.0
CHN,1976,NE.EXP.GNFS.CD,exports_goods_services_current_usd,7440600000.0
CHN,1977,NE.EXP.GNFS.CD,exports_goods_services_current_usd,8271070000.0
CHN,1978,NE.EXP.GNFS.CD,exports_goods_services_current_usd,10801140000.0
CHN,1979,NE.EXP.GNFS.CD,exports_goods_services_current_usd,13962640000.0
CHN,1980,NE.EXP.GNFS.CD,exports_goods_services_current_usd,19405720000.0
CHN,1981,NE.EXP.GNFS.CD,exports_goods_services_current_usd,24369970000.0
CHN,1982,NE.EXP.GNFS.CD,exports_goods_services_current_usd,22600124795.19
CHN,1983,NE.EXP.GNFS.CD,exports_goods_services_current_usd,21956304449.37
CHN,1984,NE.EXP.GNFS.CD,exports_goods_services_current_usd,24764305080.89
CHN,1985,NE.EXP.GNFS.CD,exports_goods_services_current_usd,25801403273.95
CHN,1986,NE.EXP.GNFS.CD,exports_goods_services_current_usd,26202580690.47
CHN,1987,NE.EXP.GNFS.CD,exports_goods_services_current_usd,34072853910.0
CHN,1988,NE.EXP.GNFS.CD,exports_goods_services_current_usd,44923701330.0
CHN,1989,NE.EXP.GNFS.CD,exports_goods_services_current_usd,41190793490.0
CHN,1990,NE.EXP.GNFS.CD,exports_goods_services_current_usd,49129758920.0
CHN,1991,NE.EXP.GNFS.CD,exports_goods_services_current_usd,55542659170.0
CHN,1992,NE.EXP.GNFS.CD,exports_goods_services_current_usd,66847400129.0
CHN,1993,NE.EXP.GNFS.CD,exports_goods_services_current_usd,74280328750.0
CHN,1994,NE.EXP.GNFS.CD,exports_goods_services_current_usd,104607445198.0
CHN,1995,NE.EXP.GNFS.CD,exports_goods_services_current_usd,131858826000.0
CHN,1996,NE.EXP.GNFS.CD,exports_goods_services_current_usd,154811877000.001
CHN,1997,NE.EXP.GNFS.CD,exports_goods_services_current_usd,187447040000.0
CHN,1998,NE.EXP.GNFS.CD,exports_goods_services_current_usd,188750394176.0
CHN,1999,NE.EXP.GNFS.CD,exports_goods_services_current_usd,198699399635.0
CHN,2000,NE.EXP.GNFS.CD,exports_goods_services_current_usd,253092089737.0
CHN,2001,NE.EXP.GNFS.CD,exports_goods_services_current_usd,272060010515.89
CHN,2002,NE.EXP.GNFS.CD,exports_goods_services_current_usd,333002310923.451
CHN,2003,NE.EXP.GNFS.CD,exports_goods_services_current_usd,447958253781.62
CHN,2004,NE.EXP.GNFS.CD,exports_goods_services_current_usd,607356934124.72
CHN,2005,NE.EXP.GNFS.CD,exports_goods_services_current_usd,773339005396.99
CHN,2006,NE.EXP.GNFS.CD,exports_goods_services_current_usd,991731387760.501
CHN,2007,NE.EXP.GNFS.CD,exports_goods_services_current_usd,1258056795940.68
CHN,2008,NE.EXP.GNFS.CD,exports_goods_services_current_usd,1497868782939.59
CHN,2009,NE.EXP.GNFS.CD,exports_goods_services_current_usd,1262664161019.72
CHN,2010,NE.EXP.GNFS.CD,exports_goods_services_current_usd,1654823329663.86
CHN,2011,NE.EXP.GNFS.CD,exports_goods_services_current_usd,2006308960976.47
CHN,2012,NE.EXP.GNFS.CD,exports_goods_services_current_usd,2175069254663.85
CHN,2013,NE.EXP.GNFS.CD,exports_goods_services_current_usd,2354264539609.2
CHN,2014,NE.EXP.GNFS.CD,exports_goods_services_current_usd,2462825804851.16
CHN,2015,NE.EXP.GNFS.CD,exports_goods_services_current_usd,2362097053274.6
CHN,2016,NE.EXP.GNFS.CD,exports_goods_services_current_usd,2199974853570.14
CHN,2017,NE.EXP.GNFS.CD,exports_goods_services_current_usd,2424216052098.35
CHN,2018,NE.EXP.GNFS.CD,exports_goods_services_current_usd,2655609176087.45
CHN,2019,NE.EXP.GNFS.CD,exports_goods_services_current_usd,2628941104657.6
CHN,2020,NE.EXP.GNFS.CD,exports_goods_services_current_usd,2729884575163.89
CHN,2021,NE.EXP.GNFS.CD,exports_goods_services_current_usd,3554107780957.44
CHN,2022,NE.EXP.GNFS.CD,exports_goods_services_current_usd,3717887818646.97
CHN,2023,NE.EXP.GNFS.CD,exports_goods_services_current_usd,3490089712362.99
CHN,2024,NE.EXP.GNFS.CD,exports_goods_services_current_usd,3753056083349.04
CHN,1960,NV.IND.TOTL.CD,industry_value_added_current_usd,26508961499.4502
CHN,1961,NV.IND.TOTL.CD,industry_value_added_current_usd,15984180738.6357
CHN,1962,NV.IND.TOTL.CD,industry_value_added_current_usd,14781812886.3775
CHN,1963,NV.IND.TOTL.CD,industry_value_added_current_usd,16768157074.7365
CHN,1964,NV.IND.TOTL.CD,industry_value_added_current_usd,21094244110.7332
CHN,1965,NV.IND.TOTL.CD,industry_value_added_current_usd,24717595881.7276
CHN,1966,NV.IND.TOTL.CD,industry_value_added_current_usd,29059931131.944
CHN,1967,NV.IND.TOTL.CD,industry_value_added_current_usd,24697285613.953
CHN,1968,NV.IND.TOTL.CD,industry_value_added_current_usd,22040702589.0311
CHN,1969,NV.IND.TOTL.CD,industry_value_added_current_usd,28231272206.739
CHN,1970,NV.IND.TOTL.CD,industry_value_added_current_usd,37293713687.78
CHN,1971,NV.IND.TOTL.CD,industry_value_added_current_usd,41835089562.1878
CHN,1972,NV.IND.TOTL.CD,industry_value_added_current_usd,48622178590.7408
CHN,1973,NV.IND.TOTL.CD,industry_value_added_current_usd,59328968903.437
CHN,1974,NV.IND.TOTL.CD,industry_value_added_current_usd,61179731651.5621
CHN,1975,NV.IND.TOTL.CD,industry_value_added_current_usd,74130710288.022
CHN,1976,NV.IND.TOTL.CD,industry_value_added_current_usd,69330874645.5549
CHN,1977,NV.IND.TOTL.CD,industry_value_added_current_usd,81697772069.7827
CHN,1978,NV.IND.TOTL.CD,industry_value_added_current_usd,71346073861.7886
CHN,1979,NV.IND.TOTL.CD,industry_value_added_current_usd,83710091404.3478
CHN,1980,NV.IND.TOTL.CD,industry_value_added_current_usd,91861887879.1667
CHN,1981,NV.IND.TOTL.CD,industry_value_added_current_usd,90040464154.7619
CHN,1982,NV.IND.TOTL.CD,industry_value_added_current_usd,91512266652.6718
CHN,1983,NV.IND.TOTL.CD,industry_value_added_current_usd,102029573153.257
CHN,1984,NV.IND.TOTL.CD,industry_value_added_current_usd,111597607692.857
CHN,1985,NV.IND.TOTL.CD,industry_value_added_current_usd,132189524047.619
CHN,1986,NV.IND.TOTL.CD,industry_value_added_current_usd,130873170301.449
CHN,1987,NV.IND.TOTL.CD,industry_value_added_current_usd,118247369383.408
CHN,1988,NV.IND.TOTL.CD,industry_value_added_current_usd,135950488279.835
CHN,1989,NV.IND.TOTL.CD,industry_value_added_current_usd,147787569514.17
CHN,1990,NV.IND.TOTL.CD,industry_value_added_current_usd,148070534143.403
CHN,1991,NV.IND.TOTL.CD,industry_value_added_current_usd,159051605609.756
CHN,1992,NV.IND.TOTL.CD,industry_value_added_current_usd,184066130784.929
CHN,1993,NV.IND.TOTL.CD,industry_value_added_current_usd,205361498360.615
CHN,1994,NV.IND.TOTL.CD,industry_value_added_current_usd,260508242791.321
CHN,1995,NV.IND.TOTL.CD,industry_value_added_current_usd,343375643845.829
CHN,1996,NV.IND.TOTL.CD,industry_value_added_current_usd,406862577694.119
CHN,1997,NV.IND.TOTL.CD,industry_value_added_current_usd,452905359298.04
CHN,1998,NV.IND.TOTL.CD,industry_value_added_current_usd,471285497643.544
CHN,1999,NV.IND.TOTL.CD,industry_value_added_current_usd,496238663727.237
CHN,2000,NV.IND.TOTL.CD,industry_value_added_current_usd,551593230818.032
CHN,2001,NV.IND.TOTL.CD,industry_value_added_current_usd,599963366713.914
CHN,2002,NV.IND.TOTL.CD,industry_value_added_current_usd,653671223470.172
CHN,2003,NV.IND.TOTL.CD,industry_value_added_current_usd,757466220411.966
CHN,2004,NV.IND.TOTL.CD,industry_value_added_current_usd,897508305660.605
CHN,2005,NV.IND.TOTL.CD,industry_value_added_current_usd,1074917875730.22
CHN,2006,NV.IND.TOTL.CD,industry_value_added_current_usd,1308836011266.41
CHN,2007,NV.IND.TOTL.CD,industry_value_added_current_usd,1664541695519.65
CHN,2008,NV.IND.TOTL.CD,industry_value_added_current_usd,2158013850478.98
CHN,2009,NV.IND.TOTL.CD,industry_value_added_current_usd,2344591704077.16
CHN,2010,NV.IND.TOTL.CD,industry_value_added_current_usd,2830412139429.02
CHN,2011,NV.IND.TOTL.CD,industry_value_added_current_usd,3513680559814.57
CHN,2012,NV.IND.TOTL.CD,industry_value_added_current_usd,3875572922800.49
CHN,2013,NV.IND.TOTL.CD,industry_value_added_current_usd,4227918745809.63
CHN,2014,NV.IND.TOTL.CD,industry_value_added_current_usd,4513482520281.0
CHN,2015,NV.IND.TOTL.CD,industry_value_added_current_usd,4517694479123.13
CHN,2016,NV.IND.TOTL.CD,industry_value_added_current_usd,4446215389771.78
CHN,2017,NV.IND.TOTL.CD,industry_value_added_current_usd,4905939884031.9
CHN,2018,NV.IND.TOTL.CD,industry_value_added_current_usd,5514473724406.01
CHN,2019,NV.IND.TOTL.CD,industry_value_added_current_usd,5498535475367.98
CHN,2020,NV.IND.TOTL.CD,industry_value_added_current_usd,5535410773903.83
CHN,2021,NV.IND.TOTL.CD,industry_value_added_current_usd,6933477025418.77
CHN,2022,NV.IND.TOTL.CD,industry_value_added_current_usd,6941051404761.47
CHN,2023,NV.IND.TOTL.CD,industry_value_added_current_usd,6718467452983.47
CHN,2024,NV.IND.TOTL.CD,industry_value_added_current_usd,6836925811689.1
CHN,1960,NY.GDP.MKTP.CD,gdp_current_usd,59846235024.7318
CHN,1961,NY.GDP.MKTP.CD,gdp_current_usd,50162299349.7871
CHN,1962,NY.GDP.MKTP.CD,gdp_current_usd,47310737754.2287
CHN,1963,NY.GDP.MKTP.CD,gdp_current_usd,50812227918.5753
CHN,1964,NY.GDP.MKTP.CD,gdp_current_usd,59821862703.4023
CHN,1965,NY.GDP.MKTP.CD,gdp_current_usd,70565994356.1828
CHN,1966,NY.GDP.MKTP.CD,gdp_current_usd,76854053259.209
CHN,1967,NY.GDP.MKTP.CD,gdp_current_usd,73011350596.2485
CHN,1968,NY.GDP.MKTP.CD,gdp_current_usd,70980323818.7853
CHN,1969,NY.GDP.MKTP.CD,gdp_current_usd,79847786729.1898
CHN,1970,NY.GDP.MKTP.CD,gdp_current_usd,92752930873.1912
CHN,1971,NY.GDP.MKTP.CD,gdp_current_usd,99959013879.6308
CHN,1972,NY.GDP.MKTP.CD,gdp_current_usd,113871930713.841
CHN,1973,NY.GDP.MKTP.CD,gdp_current_usd,138764340892.0
CHN,1974,NY.GDP.MKTP.CD,gdp_current_usd,144418433058.472
CHN,1975,NY.GDP.MKTP.CD,gdp_current_usd,163687619735.857
CHN,1976,NY.GDP.MKTP.CD,gdp_current_usd,154196810058.643
CHN,1977,NY.GDP.MKTP.CD,gdp_current_usd,175226595859.778
CHN,1978,NY.GDP.MKTP.CD,gdp_current_usd,149788617886.179
CHN,1979,NY.GDP.MKTP.CD,gdp_current_usd,178573913043.478
CHN,1980,NY.GDP.MKTP.CD,gdp_current_usd,191487500000.0
CHN,1981,NY.GDP.MKTP.CD,gdp_current_usd,196218253968.254
CHN,1982,NY.GDP.MKTP.CD,gdp_current_usd,205480916030.534
CHN,1983,NY.GDP.MKTP.CD,gdp_current_usd,231130268199.234
CHN,1984,NY.GDP.MKTP.CD,gdp_current_usd,260442857142.857
CHN,1985,NY.GDP.MKTP.CD,gdp_current_usd,310064625850.34
CHN,1986,NY.GDP.MKTP.CD,gdp_current_usd,301310144927.536
CHN,1987,NY.GDP.MKTP.CD,gdp_current_usd,273455156950.673
CHN,1988,NY.GDP.MKTP.CD,gdp_current_usd,312888888888.889
CHN,1989,NY.GDP.MKTP.CD,gdp_current_usd,348380566801.619
CHN,1990,NY.GDP.MKTP.CD,gdp_current_usd,361560229445.507
CHN,1991,NY.GDP.MKTP.CD,gdp_current_usd,384510452961.672
CHN,1992,NY.GDP.MKTP.CD,gdp_current_usd,428502354788.069
CHN,1993,NY.GDP.MKTP.CD,gdp_current_usd,446557291212.148
CHN,1994,NY.GDP.MKTP.CD,gdp_current_usd,566929539493.172
CHN,1995,NY.GDP.MKTP.CD,gdp_current_usd,738190896227.55
CHN,1996,NY.GDP.MKTP.CD,gdp_current_usd,868523936530.083
CHN,1997,NY.GDP.MKTP.CD,gdp_current_usd,967753570434.667
CHN,1998,NY.GDP.MKTP.CD,gdp_current_usd,1037134141760.35
CHN,1999,NY.GDP.MKTP.CD,gdp_current_usd,1103843203575.64
CHN,2000,NY.GDP.MKTP.CD,gdp_current_usd,1223754919971.05
CHN,2001,NY.GDP.MKTP.CD,gdp_current_usd,1355036590251.52
CHN,2002,NY.GDP.MKTP.CD,gdp_current_usd,1489821682050.54
CHN,2003,NY.GDP.MKTP.CD,gdp_current_usd,1683903309843.85
CHN,2004,NY.GDP.MKTP.CD,gdp_current_usd,1984196551300.44
CHN,2005,NY.GDP.MKTP.CD,gdp_current_usd,2317551298052.05
CHN,2006,NY.GDP.MKTP.CD,gdp_current_usd,2791498472804.33
CHN,2007,NY.GDP.MKTP.CD,gdp_current_usd,3604055822571.63
CHN,2008,NY.GDP.MKTP.CD,gdp_current_usd,4667346414521.95
CHN,2009,NY.GDP.MKTP.CD,gdp_current_usd,5189577094997.58
CHN,2010,NY.GDP.MKTP.CD,gdp_current_usd,6192564874453.29
CHN,2011,NY.GDP.MKTP.CD,gdp_current_usd,7671757207851.29
CHN,2012,NY.GDP.MKTP.CD,gdp_current_usd,8673664713189.24
CHN,2013,NY.GDP.MKTP.CD,gdp_current_usd,9743124247267.24
CHN,2014,NY.GDP.MKTP.CD,gdp_current_usd,10674533168257.4
CHN,2015,NY.GDP.MKTP.CD,gdp_current_usd,11280814787468.9
CHN,2016,NY.GDP.MKTP.CD,gdp_current_usd,11456024084962.0
CHN,2017,NY.GDP.MKTP.CD,gdp_current_usd,12537559062282.9
CHN,2018,NY.GDP.MKTP.CD,gdp_current_usd,14147765772963.8
CHN,2019,NY.GDP.MKTP.CD,gdp_current_usd,14560167101283.4
CHN,2020,NY.GDP.MKTP.CD,gdp_current_usd,14996414166715.1
CHN,2021,NY.GDP.MKTP.CD,gdp_current_usd,18201698719564.0
CHN,2022,NY.GDP.MKTP.CD,gdp_current_usd,18316765021690.2
CHN,2023,NY.GDP.MKTP.CD,gdp_current_usd,18270356654533.2
CHN,2024,NY.GDP.MKTP.CD,gdp_current_usd,18743803170827.2
CHN,1960,NY.GDP.MKTP.KD,gdp_constant_2015_usd,161023131028.203
CHN,1961,NY.GDP.MKTP.KD,gdp_constant_2015_usd,117112123190.551
CHN,1962,NY.GDP.MKTP.KD,gdp_constant_2015_usd,110577266727.999
CHN,1963,NY.GDP.MKTP.KD,gdp_constant_2015_usd,121966725197.001
CHN,1964,NY.GDP.MKTP.KD,gdp_constant_2015_usd,144140275830.279
CHN,1965,NY.GDP.MKTP.KD,gdp_constant_2015_usd,168572052589.089
CHN,1966,NY.GDP.MKTP.KD,gdp_constant_2015_usd,186524976187.159
CHN,1967,NY.GDP.MKTP.KD,gdp_constant_2015_usd,175762485053.603
CHN,1968,NY.GDP.MKTP.KD,gdp_constant_2015_usd,168556223190.173
CHN,1969,NY.GDP.MKTP.KD,gdp_constant_2015_usd,197109647391.948
CHN,1970,NY.GDP.MKTP.KD,gdp_constant_2015_usd,235151809332.094
CHN,1971,NY.GDP.MKTP.KD,gdp_constant_2015_usd,251753527067.499
CHN,1972,NY.GDP.MKTP.KD,gdp_constant_2015_usd,261345336449.324
CHN,1973,NY.GDP.MKTP.KD,gdp_constant_2015_usd,281625734559.996
CHN,1974,NY.GDP.MKTP.KD,gdp_constant_2015_usd,288131289036.632
CHN,1975,NY.GDP.MKTP.KD,gdp_constant_2015_usd,313256337433.365
CHN,1976,NY.GDP.MKTP.KD,gdp_constant_2015_usd,308338212930.482
CHN,1977,NY.GDP.MKTP.KD,gdp_constant_2015_usd,331679415653.587
CHN,1978,NY.GDP.MKTP.KD,gdp_constant_2015_usd,369245353260.872
CHN,1979,NY.GDP.MKTP.KD,gdp_constant_2015_usd,397275966892.718
CHN,1980,NY.GDP.MKTP.KD,gdp_constant_2015_usd,428399142252.564
CHN,1981,NY.GDP.MKTP.KD,gdp_constant_2015_usd,450302166910.072
CHN,1982,NY.GDP.MKTP.KD,gdp_constant_2015_usd,491096319836.96
CHN,1983,NY.GDP.MKTP.KD,gdp_constant_2015_usd,543778042482.387
CHN,1984,NY.GDP.MKTP.KD,gdp_constant_2015_usd,626609364483.701
CHN,1985,NY.GDP.MKTP.KD,gdp_constant_2015_usd,710797305027.178
CHN,1986,NY.GDP.MKTP.KD,gdp_constant_2015_usd,774307505788.049
CHN,1987,NY.GDP.MKTP.KD,gdp_constant_2015_usd,864345705902.996
CHN,1988,NY.GDP.MKTP.KD,gdp_constant_2015_usd,961347723725.301
CHN,1989,NY.GDP.MKTP.KD,gdp_constant_2015_usd,1001785223303.97
CHN,1990,NY.GDP.MKTP.KD,gdp_constant_2015_usd,1041271896195.66
CHN,1991,NY.GDP.MKTP.KD,gdp_constant_2015_usd,1138752669458.5
CHN,1992,NY.GDP.MKTP.KD,gdp_constant_2015_usd,1301589870245.13
CHN,1993,NY.GDP.MKTP.KD,gdp_constant_2015_usd,1482889338698.69
CHN,1994,NY.GDP.MKTP.KD,gdp_constant_2015_usd,1676743149158.28
CHN,1995,NY.GDP.MKTP.KD,gdp_constant_2015_usd,1861735071148.11
CHN,1996,NY.GDP.MKTP.KD,gdp_constant_2015_usd,2047465483836.55
CHN,1997,NY.GDP.MKTP.KD,gdp_constant_2015_usd,2237626840759.87
CHN,1998,NY.GDP.MKTP.KD,gdp_constant_2015_usd,2414864610327.86
CHN,1999,NY.GDP.MKTP.KD,gdp_constant_2015_usd,2601702759078.63
CHN,2000,NY.GDP.MKTP.KD,gdp_constant_2015_usd,2825096197799.54
CHN,2001,NY.GDP.MKTP.KD,gdp_constant_2015_usd,3059936242478.58
CHN,2002,NY.GDP.MKTP.KD,gdp_constant_2015_usd,3342778183071.46
CHN,2003,NY.GDP.MKTP.KD,gdp_constant_2015_usd,3681006926650.74
CHN,2004,NY.GDP.MKTP.KD,gdp_constant_2015_usd,4053944733453.66
CHN,2005,NY.GDP.MKTP.KD,gdp_constant_2015_usd,4518455387849.41
CHN,2006,NY.GDP.MKTP.KD,gdp_constant_2015_usd,5091154930758.42
CHN,2007,NY.GDP.MKTP.KD,gdp_constant_2015_usd,5811552614974.09
CHN,2008,NY.GDP.MKTP.KD,gdp_constant_2015_usd,6373544042638.01
CHN,2009,NY.GDP.MKTP.KD,gdp_constant_2015_usd,6972829250985.1
CHN,2010,NY.GDP.MKTP.KD,gdp_constant_2015_usd,7711689202853.29
CHN,2011,NY.GDP.MKTP.KD,gdp_constant_2015_usd,8441318020902.42
CHN,2012,NY.GDP.MKTP.KD,gdp_constant_2015_usd,9104482675356.36
CHN,2013,NY.GDP.MKTP.KD,gdp_constant_2015_usd,9812695262900.89
CHN,2014,NY.GDP.MKTP.KD,gdp_constant_2015_usd,10544908798424.0
CHN,2015,NY.GDP.MKTP.KD,gdp_constant_2015_usd,11280814787468.9
CHN,2016,NY.GDP.MKTP.KD,gdp_constant_2015_usd,12045152668727.3
CHN,2017,NY.GDP.MKTP.KD,gdp_constant_2015_usd,12875216222853.4
CHN,2018,NY.GDP.MKTP.KD,gdp_constant_2015_usd,13745158275136.7
CHN,2019,NY.GDP.MKTP.KD,gdp_constant_2015_usd,14579283528148.4
CHN,2020,NY.GDP.MKTP.KD,gdp_constant_2015_usd,14920466234565.3
CHN,2021,NY.GDP.MKTP.KD,gdp_constant_2015_usd,16199162892908.6
CHN,2022,NY.GDP.MKTP.KD,gdp_constant_2015_usd,16706875253648.5
CHN,2023,NY.GDP.MKTP.KD,gdp_constant_2015_usd,17611526369126.6
CHN,2024,NY.GDP.MKTP.KD,gdp_constant_2015_usd,18488114837769.3
JPN,1960,EG.IMP.CONS.ZS,energy_imports_pct_use,
JPN,1961,EG.IMP.CONS.ZS,energy_imports_pct_use,
JPN,1962,EG.IMP.CONS.ZS,energy_imports_pct_use,
JPN,1963,EG.IMP.CONS.ZS,energy_imports_pct_use,
JPN,1964,EG.IMP.CONS.ZS,energy_imports_pct_use,
JPN,1965,EG.IMP.CONS.ZS,energy_imports_pct_use,
JPN,1966,EG.IMP.CONS.ZS,energy_imports_pct_use,
JPN,1967,EG.IMP.CONS.ZS,energy_imports_pct_use,
JPN,1968,EG.IMP.CONS.ZS,energy_imports_pct_use,
JPN,1969,EG.IMP.CONS.ZS,energy_imports_pct_use,
JPN,1970,EG.IMP.CONS.ZS,energy_imports_pct_use,
JPN,1971,EG.IMP.CONS.ZS,energy_imports_pct_use,
JPN,1972,EG.IMP.CONS.ZS,energy_imports_pct_use,
JPN,1973,EG.IMP.CONS.ZS,energy_imports_pct_use,
JPN,1974,EG.IMP.CONS.ZS,energy_imports_pct_use,
JPN,1975,EG.IMP.CONS.ZS,energy_imports_pct_use,
JPN,1976,EG.IMP.CONS.ZS,energy_imports_pct_use,
JPN,1977,EG.IMP.CONS.ZS,energy_imports_pct_use,
JPN,1978,EG.IMP.CONS.ZS,energy_imports_pct_use,
JPN,1979,EG.IMP.CONS.ZS,energy_imports_pct_use,
JPN,1980,EG.IMP.CONS.ZS,energy_imports_pct_use,
JPN,1981,EG.IMP.CONS.ZS,energy_imports_pct_use,
JPN,1982,EG.IMP.CONS.ZS,energy_imports_pct_use,
JPN,1983,EG.IMP.CONS.ZS,energy_imports_pct_use,
JPN,1984,EG.IMP.CONS.ZS,energy_imports_pct_use,
JPN,1985,EG.IMP.CONS.ZS,energy_imports_pct_use,
JPN,1986,EG.IMP.CONS.ZS,energy_imports_pct_use,
JPN,1987,EG.IMP.CONS.ZS,energy_imports_pct_use,
JPN,1988,EG.IMP.CONS.ZS,energy_imports_pct_use,
JPN,1989,EG.IMP.CONS.ZS,energy_imports_pct_use,
JPN,1990,EG.IMP.CONS.ZS,energy_imports_pct_use,86.1211436520895
JPN,1991,EG.IMP.CONS.ZS,energy_imports_pct_use,84.5572124982313
JPN,1992,EG.IMP.CONS.ZS,energy_imports_pct_use,85.0002389923131
JPN,1993,EG.IMP.CONS.ZS,energy_imports_pct_use,83.6736483913964
JPN,1994,EG.IMP.CONS.ZS,energy_imports_pct_use,84.7645247600049
JPN,1995,EG.IMP.CONS.ZS,energy_imports_pct_use,82.8587597686173
JPN,1996,EG.IMP.CONS.ZS,energy_imports_pct_use,82.5697290227514
JPN,1997,EG.IMP.CONS.ZS,energy_imports_pct_use,81.7835026938279
JPN,1998,EG.IMP.CONS.ZS,energy_imports_pct_use,80.3220799001163
JPN,1999,EG.IMP.CONS.ZS,energy_imports_pct_use,81.1103825264601
JPN,2000,EG.IMP.CONS.ZS,energy_imports_pct_use,82.8158357838335
JPN,2001,EG.IMP.CONS.ZS,energy_imports_pct_use,81.201679168534
JPN,2002,EG.IMP.CONS.ZS,energy_imports_pct_use,82.9888784175082
JPN,2003,EG.IMP.CONS.ZS,energy_imports_pct_use,85.4788968124398
JPN,2004,EG.IMP.CONS.ZS,energy_imports_pct_use,83.7746111126745
JPN,2005,EG.IMP.CONS.ZS,energy_imports_pct_use,83.4649315674778
JPN,2006,EG.IMP.CONS.ZS,energy_imports_pct_use,82.3651990491479
JPN,2007,EG.IMP.CONS.ZS,energy_imports_pct_use,84.3107714036557
JPN,2008,EG.IMP.CONS.ZS,energy_imports_pct_use,84.2147770328816
JPN,2009,EG.IMP.CONS.ZS,energy_imports_pct_use,80.6163392901148
JPN,2010,EG.IMP.CONS.ZS,energy_imports_pct_use,81.7425349206212
JPN,2011,EG.IMP.CONS.ZS,energy_imports_pct_use,90.8195974217069
JPN,2012,EG.IMP.CONS.ZS,energy_imports_pct_use,96.1222197111632
JPN,2013,EG.IMP.CONS.ZS,energy_imports_pct_use,95.6729767272549
JPN,2014,EG.IMP.CONS.ZS,energy_imports_pct_use,95.5684274026895
JPN,2015,EG.IMP.CONS.ZS,energy_imports_pct_use,94.8396264266997
JPN,2016,EG.IMP.CONS.ZS,energy_imports_pct_use,93.813281550921
JPN,2017,EG.IMP.CONS.ZS,energy_imports_pct_use,93.0886712405363
JPN,2018,EG.IMP.CONS.ZS,energy_imports_pct_use,91.4437393045403
JPN,2019,EG.IMP.CONS.ZS,energy_imports_pct_use,90.5590328120186
JPN,2020,EG.IMP.CONS.ZS,energy_imports_pct_use,89.5796033607393
JPN,2021,EG.IMP.CONS.ZS,energy_imports_pct_use,88.6817259385197
JPN,2022,EG.IMP.CONS.ZS,energy_imports_pct_use,89.9707516343257
JPN,2023,EG.IMP.CONS.ZS,energy_imports_pct_use,87.2798853157027
JPN,2024,EG.IMP.CONS.ZS,energy_imports_pct_use,
JPN,1960,EG.USE.PCAP.KG.OE,energy_use_per_capita_kgoe,
JPN,1961,EG.USE.PCAP.KG.OE,energy_use_per_capita_kgoe,
JPN,1962,EG.USE.PCAP.KG.OE,energy_use_per_capita_kgoe,
JPN,1963,EG.USE.PCAP.KG.OE,energy_use_per_capita_kgoe,
JPN,1964,EG.USE.PCAP.KG.OE,energy_use_per_capita_kgoe,
JPN,1965,EG.USE.PCAP.KG.OE,energy_use_per_capita_kgoe,
JPN,1966,EG.USE.PCAP.KG.OE,energy_use_per_capita_kgoe,
JPN,1967,EG.USE.PCAP.KG.OE,energy_use_per_capita_kgoe,
JPN,1968,EG.USE.PCAP.KG.OE,energy_use_per_capita_kgoe,
JPN,1969,EG.USE.PCAP.KG.OE,energy_use_per_capita_kgoe,
JPN,1970,EG.USE.PCAP.KG.OE,energy_use_per_capita_kgoe,
JPN,1971,EG.USE.PCAP.KG.OE,energy_use_per_capita_kgoe,
JPN,1972,EG.USE.PCAP.KG.OE,energy_use_per_capita_kgoe,
JPN,1973,EG.USE.PCAP.KG.OE,energy_use_per_capita_kgoe,
JPN,1974,EG.USE.PCAP.KG.OE,energy_use_per_capita_kgoe,
JPN,1975,EG.USE.PCAP.KG.OE,energy_use_per_capita_kgoe,
JPN,1976,EG.USE.PCAP.KG.OE,energy_use_per_capita_kgoe,
JPN,1977,EG.USE.PCAP.KG.OE,energy_use_per_capita_kgoe,
JPN,1978,EG.USE.PCAP.KG.OE,energy_use_per_capita_kgoe,
JPN,1979,EG.USE.PCAP.KG.OE,energy_use_per_capita_kgoe,
JPN,1980,EG.USE.PCAP.KG.OE,energy_use_per_capita_kgoe,
JPN,1981,EG.USE.PCAP.KG.OE,energy_use_per_capita_kgoe,
JPN,1982,EG.USE.PCAP.KG.OE,energy_use_per_capita_kgoe,
JPN,1983,EG.USE.PCAP.KG.OE,energy_use_per_capita_kgoe,
JPN,1984,EG.USE.PCAP.KG.OE,energy_use_per_capita_kgoe,
JPN,1985,EG.USE.PCAP.KG.OE,energy_use_per_capita_kgoe,
JPN,1986,EG.USE.PCAP.KG.OE,energy_use_per_capita_kgoe,
JPN,1987,EG.USE.PCAP.KG.OE,energy_use_per_capita_kgoe,
JPN,1988,EG.USE.PCAP.KG.OE,energy_use_per_capita_kgoe,
JPN,1989,EG.USE.PCAP.KG.OE,energy_use_per_capita_kgoe,
JPN,1990,EG.USE.PCAP.KG.OE,energy_use_per_capita_kgoe,3538.39176035754
JPN,1991,EG.USE.PCAP.KG.OE,energy_use_per_capita_kgoe,3560.89610232943
JPN,1992,EG.USE.PCAP.KG.OE,energy_use_per_capita_kgoe,3626.46889746532
JPN,1993,EG.USE.PCAP.KG.OE,energy_use_per_capita_kgoe,3636.46948341282
JPN,1994,EG.USE.PCAP.KG.OE,energy_use_per_capita_kgoe,3823.87113500931
JPN,1995,EG.USE.PCAP.KG.OE,energy_use_per_capita_kgoe,3915.67795216885
JPN,1996,EG.USE.PCAP.KG.OE,energy_use_per_capita_kgoe,3990.47398761077
JPN,1997,EG.USE.PCAP.KG.OE,energy_use_per_capita_kgoe,4022.0891472937
JPN,1998,EG.USE.PCAP.KG.OE,energy_use_per_capita_kgoe,3938.28293836089
JPN,1999,EG.USE.PCAP.KG.OE,energy_use_per_capita_kgoe,3994.22367709485
JPN,2000,EG.USE.PCAP.KG.OE,energy_use_per_capita_kgoe,4067.03534426909
JPN,2001,EG.USE.PCAP.KG.OE,energy_use_per_capita_kgoe,3990.10602386433
JPN,2002,EG.USE.PCAP.KG.OE,energy_use_per_capita_kgoe,3992.91998129661
JPN,2003,EG.USE.PCAP.KG.OE,energy_use_per_capita_kgoe,3956.90048891144
JPN,2004,EG.USE.PCAP.KG.OE,energy_use_per_capita_kgoe,4085.4919552124
JPN,2005,EG.USE.PCAP.KG.OE,energy_use_per_capita_kgoe,4066.44200433533
JPN,2006,EG.USE.PCAP.KG.OE,energy_use_per_capita_kgoe,4064.36044717698
JPN,2007,EG.USE.PCAP.KG.OE,energy_use_per_capita_kgoe,4020.80546615948
JPN,2008,EG.USE.PCAP.KG.OE,energy_use_per_capita_kgoe,3867.13557310575
JPN,2009,EG.USE.PCAP.KG.OE,energy_use_per_capita_kgoe,3709.02326188514
JPN,2010,EG.USE.PCAP.KG.OE,energy_use_per_capita_kgoe,3900.21212768124
JPN,2011,EG.USE.PCAP.KG.OE,energy_use_per_capita_kgoe,3620.18019068219
JPN,2012,EG.USE.PCAP.KG.OE,energy_use_per_capita_kgoe,3536.70253450885
JPN,2013,EG.USE.PCAP.KG.OE,energy_use_per_capita_kgoe,3567.33780517627
JPN,2014,EG.USE.PCAP.KG.OE,energy_use_per_capita_kgoe,3445.81632921551
JPN,2015,EG.USE.PCAP.KG.OE,energy_use_per_capita_kgoe,3400.59271053608
JPN,2016,EG.USE.PCAP.KG.OE,energy_use_per_capita_kgoe,3370.8877963853
JPN,2017,EG.USE.PCAP.KG.OE,energy_use_per_capita_kgoe,3391.05041453219
JPN,2018,EG.USE.PCAP.KG.OE,energy_use_per_capita_kgoe,3343.05412833973
JPN,2019,EG.USE.PCAP.KG.OE,energy_use_per_capita_kgoe,3261.62024942915
JPN,2020,EG.USE.PCAP.KG.OE,energy_use_per_capita_kgoe,3046.85480668859
JPN,2021,EG.USE.PCAP.KG.OE,energy_use_per_capita_kgoe,3196.03970960845
JPN,2022,EG.USE.PCAP.KG.OE,energy_use_per_capita_kgoe,3129.65861717499
JPN,2023,EG.USE.PCAP.KG.OE,energy_use_per_capita_kgoe,3039.14126131753
JPN,2024,EG.USE.PCAP.KG.OE,energy_use_per_capita_kgoe,3005.89902824379
JPN,1960,NE.EXP.GNFS.CD,exports_goods_services_current_usd,
JPN,1961,NE.EXP.GNFS.CD,exports_goods_services_current_usd,
JPN,1962,NE.EXP.GNFS.CD,exports_goods_services_current_usd,
JPN,1963,NE.EXP.GNFS.CD,exports_goods_services_current_usd,
JPN,1964,NE.EXP.GNFS.CD,exports_goods_services_current_usd,
JPN,1965,NE.EXP.GNFS.CD,exports_goods_services_current_usd,
JPN,1966,NE.EXP.GNFS.CD,exports_goods_services_current_usd,
JPN,1967,NE.EXP.GNFS.CD,exports_goods_services_current_usd,
JPN,1968,NE.EXP.GNFS.CD,exports_goods_services_current_usd,
JPN,1969,NE.EXP.GNFS.CD,exports_goods_services_current_usd,
JPN,1970,NE.EXP.GNFS.CD,exports_goods_services_current_usd,22026785841.6667
JPN,1971,NE.EXP.GNFS.CD,exports_goods_services_current_usd,26966713726.0225
JPN,1972,NE.EXP.GNFS.CD,exports_goods_services_current_usd,32270972030.7746
JPN,1973,NE.EXP.GNFS.CD,exports_goods_services_current_usd,41576284285.3026
JPN,1974,NE.EXP.GNFS.CD,exports_goods_services_current_usd,62536307378.9084
JPN,1975,NE.EXP.GNFS.CD,exports_goods_services_current_usd,63986133887.0404
JPN,1976,NE.EXP.GNFS.CD,exports_goods_services_current_usd,76182443149.1894
JPN,1977,NE.EXP.GNFS.CD,exports_goods_services_current_usd,90568192249.8231
JPN,1978,NE.EXP.GNFS.CD,exports_goods_services_current_usd,108052061240.714
JPN,1979,NE.EXP.GNFS.CD,exports_goods_services_current_usd,116997148836.36
JPN,1980,NE.EXP.GNFS.CD,exports_goods_services_current_usd,145104895104.895
JPN,1981,NE.EXP.GNFS.CD,exports_goods_services_current_usd,172134410830.35
JPN,1982,NE.EXP.GNFS.CD,exports_goods_services_current_usd,157933279186.692
JPN,1983,NE.EXP.GNFS.CD,exports_goods_services_current_usd,165329539555.315
JPN,1984,NE.EXP.GNFS.CD,exports_goods_services_current_usd,189758022924.144
JPN,1985,NE.EXP.GNFS.CD,exports_goods_services_current_usd,194351120460.744
JPN,1986,NE.EXP.GNFS.CD,exports_goods_services_current_usd,226865329771.338
JPN,1987,NE.EXP.GNFS.CD,exports_goods_services_current_usd,251700285195.748
JPN,1988,NE.EXP.GNFS.CD,exports_goods_services_current_usd,294106125786.86
JPN,1989,NE.EXP.GNFS.CD,exports_goods_services_current_usd,308916648062.834
JPN,1990,NE.EXP.GNFS.CD,exports_goods_services_current_usd,320186473746.914
JPN,1991,NE.EXP.GNFS.CD,exports_goods_services_current_usd,350804377213.606
JPN,1992,NE.EXP.GNFS.CD,exports_goods_services_current_usd,378894650114.132
JPN,1993,NE.EXP.GNFS.CD,exports_goods_services_current_usd,404418972317.798
JPN,1994,NE.EXP.GNFS.CD,exports_goods_services_current_usd,441885061609.779
JPN,1995,NE.EXP.GNFS.CD,exports_goods_services_current_usd,488922980748.377
JPN,1996,NE.EXP.GNFS.CD,exports_goods_services_current_usd,458650604757.715
JPN,1997,NE.EXP.GNFS.CD,exports_goods_services_current_usd,466482189982.883
JPN,1998,NE.EXP.GNFS.CD,exports_goods_services_current_usd,425156200703.868
JPN,1999,NE.EXP.GNFS.CD,exports_goods_services_current_usd,454583045085.983
JPN,2000,NE.EXP.GNFS.CD,exports_goods_services_current_usd,519863963884.546
JPN,2001,NE.EXP.GNFS.CD,exports_goods_services_current_usd,440830946383.947
JPN,2002,NE.EXP.GNFS.CD,exports_goods_services_current_usd,454066577343.924
JPN,2003,NE.EXP.GNFS.CD,exports_goods_services_current_usd,518203970379.571
JPN,2004,NE.EXP.GNFS.CD,exports_goods_services_current_usd,625646760881.018
JPN,2005,NE.EXP.GNFS.CD,exports_goods_services_current_usd,667510447457.861
JPN,2006,NE.EXP.GNFS.CD,exports_goods_services_current_usd,720499607478.291
JPN,2007,NE.EXP.GNFS.CD,exports_goods_services_current_usd,791798969881.999
JPN,2008,NE.EXP.GNFS.CD,exports_goods_services_current_usd,880163893981.685
JPN,2009,NE.EXP.GNFS.CD,exports_goods_services_current_usd,656932075524.126
JPN,2010,NE.EXP.GNFS.CD,exports_goods_services_current_usd,859167320527.627
JPN,2011,NE.EXP.GNFS.CD,exports_goods_services_current_usd,920913976671.968
JPN,2012,NE.EXP.GNFS.CD,exports_goods_services_current_usd,904146988796.653
JPN,2013,NE.EXP.GNFS.CD,exports_goods_services_current_usd,822722049495.078
JPN,2014,NE.EXP.GNFS.CD,exports_goods_services_current_usd,852990577902.813
JPN,2015,NE.EXP.GNFS.CD,exports_goods_services_current_usd,775051882733.212
JPN,2016,NE.EXP.GNFS.CD,exports_goods_services_current_usd,803489014102.661
JPN,2017,NE.EXP.GNFS.CD,exports_goods_services_current_usd,867405253150.188
JPN,2018,NE.EXP.GNFS.CD,exports_goods_services_current_usd,923234601723.625
JPN,2019,NE.EXP.GNFS.CD,exports_goods_services_current_usd,893782209080.495
JPN,2020,NE.EXP.GNFS.CD,exports_goods_services_current_usd,785057625362.297
JPN,2021,NE.EXP.GNFS.CD,exports_goods_services_current_usd,912549013982.719
JPN,2022,NE.EXP.GNFS.CD,exports_goods_services_current_usd,918408424578.807
JPN,2023,NE.EXP.GNFS.CD,exports_goods_services_current_usd,920644083095.705
JPN,2024,NE.EXP.GNFS.CD,exports_goods_services_current_usd,917043674686.877
JPN,1960,NV.IND.TOTL.CD,industry_value_added_current_usd,
JPN,1961,NV.IND.TOTL.CD,industry_value_added_current_usd,
JPN,1962,NV.IND.TOTL.CD,industry_value_added_current_usd,
JPN,1963,NV.IND.TOTL.CD,industry_value_added_current_usd,
JPN,1964,NV.IND.TOTL.CD,industry_value_added_current_usd,
JPN,1965,NV.IND.TOTL.CD,industry_value_added_current_usd,
JPN,1966,NV.IND.TOTL.CD,industry_value_added_current_usd,
JPN,1967,NV.IND.TOTL.CD,industry_value_added_current_usd,
JPN,1968,NV.IND.TOTL.CD,industry_value_added_current_usd,
JPN,1969,NV.IND.TOTL.CD,industry_value_added_current_usd,
JPN,1970,NV.IND.TOTL.CD,industry_value_added_current_usd,
JPN,1971,NV.IND.TOTL.CD,industry_value_added_current_usd,
JPN,1972,NV.IND.TOTL.CD,industry_value_added_current_usd,
JPN,1973,NV.IND.TOTL.CD,industry_value_added_current_usd,
JPN,1974,NV.IND.TOTL.CD,industry_value_added_current_usd,
JPN,1975,NV.IND.TOTL.CD,industry_value_added_current_usd,
JPN,1976,NV.IND.TOTL.CD,industry_value_added_current_usd,
JPN,1977,NV.IND.TOTL.CD,industry_value_added_current_usd,
JPN,1978,NV.IND.TOTL.CD,industry_value_added_current_usd,
JPN,1979,NV.IND.TOTL.CD,industry_value_added_current_usd,
JPN,1980,NV.IND.TOTL.CD,industry_value_added_current_usd,
JPN,1981,NV.IND.TOTL.CD,industry_value_added_current_usd,
JPN,1982,NV.IND.TOTL.CD,industry_value_added_current_usd,
JPN,1983,NV.IND.TOTL.CD,industry_value_added_current_usd,
JPN,1984,NV.IND.TOTL.CD,industry_value_added_current_usd,
JPN,1985,NV.IND.TOTL.CD,industry_value_added_current_usd,
JPN,1986,NV.IND.TOTL.CD,industry_value_added_current_usd,
JPN,1987,NV.IND.TOTL.CD,industry_value_added_current_usd,
JPN,1988,NV.IND.TOTL.CD,industry_value_added_current_usd,
JPN,1989,NV.IND.TOTL.CD,industry_value_added_current_usd,
JPN,1990,NV.IND.TOTL.CD,industry_value_added_current_usd,
JPN,1991,NV.IND.TOTL.CD,industry_value_added_current_usd,
JPN,1992,NV.IND.TOTL.CD,industry_value_added_current_usd,
JPN,1993,NV.IND.TOTL.CD,industry_value_added_current_usd,
JPN,1994,NV.IND.TOTL.CD,industry_value_added_current_usd,1727278152939.4
JPN,1995,NV.IND.TOTL.CD,industry_value_added_current_usd,1903040200043.38
JPN,1996,NV.IND.TOTL.CD,industry_value_added_current_usd,1688031984085.18
JPN,1997,NV.IND.TOTL.CD,industry_value_added_current_usd,1524229508169.62
JPN,1998,NV.IND.TOTL.CD,industry_value_added_current_usd,1367910237400.62
JPN,1999,NV.IND.TOTL.CD,industry_value_added_current_usd,1523954671714.07
JPN,2000,NV.IND.TOTL.CD,industry_value_added_current_usd,1615391753390.46
JPN,2001,NV.IND.TOTL.CD,industry_value_added_current_usd,1355339347266.37
JPN,2002,NV.IND.TOTL.CD,industry_value_added_current_usd,1264164832360.35
JPN,2003,NV.IND.TOTL.CD,industry_value_added_current_usd,1359435365964.11
JPN,2004,NV.IND.TOTL.CD,industry_value_added_current_usd,1466316674831.09
JPN,2005,NV.IND.TOTL.CD,industry_value_added_current_usd,1443241678779.0
JPN,2006,NV.IND.TOTL.CD,industry_value_added_current_usd,1365109678218.18
JPN,2007,NV.IND.TOTL.CD,industry_value_added_current_usd,1355482427273.92
JPN,2008,NV.IND.TOTL.CD,industry_value_added_current_usd,1469854246585.95
JPN,2009,NV.IND.TOTL.CD,industry_value_added_current_usd,1434045704771.08
JPN,2010,NV.IND.TOTL.CD,industry_value_added_current_usd,1631888858351.64
JPN,2011,NV.IND.TOTL.CD,industry_value_added_current_usd,1664339807191.07
JPN,2012,NV.IND.TOTL.CD,industry_value_added_current_usd,1666105291732.24
JPN,2013,NV.IND.TOTL.CD,industry_value_added_current_usd,1389124295000.15
JPN,2014,NV.IND.TOTL.CD,industry_value_added_current_usd,1337546773110.89
JPN,2015,NV.IND.TOTL.CD,industry_value_added_current_usd,1270526150555.11
JPN,2016,NV.IND.TOTL.CD,industry_value_added_current_usd,1432550285293.51
JPN,2017,NV.IND.TOTL.CD,industry_value_added_current_usd,1424145454762.54
JPN,2018,NV.IND.TOTL.CD,industry_value_added_current_usd,1462561583208.71
JPN,2019,NV.IND.TOTL.CD,industry_value_added_current_usd,1474191290028.78
JPN,2020,NV.IND.TOTL.CD,industry_value_added_current_usd,1468550816847.01
JPN,2021,NV.IND.TOTL.CD,industry_value_added_current_usd,1472398483693.84
JPN,2022,NV.IND.TOTL.CD,industry_value_added_current_usd,1181445604293.09
JPN,2023,NV.IND.TOTL.CD,industry_value_added_current_usd,1205057828751.26
JPN,2024,NV.IND.TOTL.CD,industry_value_added_current_usd,
JPN,1960,NY.GDP.MKTP.CD,gdp_current_usd,47419238274.4619
JPN,1961,NY.GDP.MKTP.CD,gdp_current_usd,57266758179.5883
JPN,1962,NY.GDP.MKTP.CD,gdp_current_usd,64987857541.6256
JPN,1963,NY.GDP.MKTP.CD,gdp_current_usd,74379284603.3875
JPN,1964,NY.GDP.MKTP.CD,gdp_current_usd,87490590817.9803
JPN,1965,NY.GDP.MKTP.CD,gdp_current_usd,97338107605.8236
JPN,1966,NY.GDP.MKTP.CD,gdp_current_usd,113046784179.289
JPN,1967,NY.GDP.MKTP.CD,gdp_current_usd,132475614226.519
JPN,1968,NY.GDP.MKTP.CD,gdp_current_usd,156897496759.128
JPN,1969,NY.GDP.MKTP.CD,gdp_current_usd,184298841304.667
JPN,1970,NY.GDP.MKTP.CD,gdp_current_usd,217223652719.444
JPN,1971,NY.GDP.MKTP.CD,gdp_current_usd,245364056622.363
JPN,1972,NY.GDP.MKTP.CD,gdp_current_usd,324933841268.585
JPN,1973,NY.GDP.MKTP.CD,gdp_current_usd,441460582535.921
JPN,1974,NY.GDP.MKTP.CD,gdp_current_usd,490035789970.299
JPN,1975,NY.GDP.MKTP.CD,gdp_current_usd,532861438884.724
JPN,1976,NY.GDP.MKTP.CD,gdp_current_usd,598883902155.605
JPN,1977,NY.GDP.MKTP.CD,gdp_current_usd,737069290927.712
JPN,1978,NY.GDP.MKTP.CD,gdp_current_usd,1035611588216.59
JPN,1979,NY.GDP.MKTP.CD,gdp_current_usd,1077910077676.37
JPN,1980,NY.GDP.MKTP.CD,gdp_current_usd,1129377244854.04
JPN,1981,NY.GDP.MKTP.CD,gdp_current_usd,1245221410764.15
JPN,1982,NY.GDP.MKTP.CD,gdp_current_usd,1158731426905.85
JPN,1983,NY.GDP.MKTP.CD,gdp_current_usd,1270859919742.9
JPN,1984,NY.GDP.MKTP.CD,gdp_current_usd,1345824500836.76
JPN,1985,NY.GDP.MKTP.CD,gdp_current_usd,1427019759717.41
JPN,1986,NY.GDP.MKTP.CD,gdp_current_usd,2120083812109.91
JPN,1987,NY.GDP.MKTP.CD,gdp_current_usd,2580748422781.09
JPN,1988,NY.GDP.MKTP.CD,gdp_current_usd,3125724434400.79
JPN,1989,NY.GDP.MKTP.CD,gdp_current_usd,3109455047823.93
JPN,1990,NY.GDP.MKTP.CD,gdp_current_usd,3185904656663.85
JPN,1991,NY.GDP.MKTP.CD,gdp_current_usd,3648065760648.88
JPN,1992,NY.GDP.MKTP.CD,gdp_current_usd,3980702922117.66
JPN,1993,NY.GDP.MKTP.CD,gdp_current_usd,4536940479038.25
JPN,1994,NY.GDP.MKTP.CD,gdp_current_usd,4998797547740.97
JPN,1995,NY.GDP.MKTP.CD,gdp_current_usd,5545563663889.7
JPN,1996,NY.GDP.MKTP.CD,gdp_current_usd,4923391533851.63
JPN,1997,NY.GDP.MKTP.CD,gdp_current_usd,4492448605638.94
JPN,1998,NY.GDP.MKTP.CD,gdp_current_usd,4098362709531.24
JPN,1999,NY.GDP.MKTP.CD,gdp_current_usd,4635982224063.88
JPN,2000,NY.GDP.MKTP.CD,gdp_current_usd,4968359075956.59
JPN,2001,NY.GDP.MKTP.CD,gdp_current_usd,4374711694090.87
JPN,2002,NY.GDP.MKTP.CD,gdp_current_usd,4182846045873.61
JPN,2003,NY.GDP.MKTP.CD,gdp_current_usd,4519561645253.53
JPN,2004,NY.GDP.MKTP.CD,gdp_current_usd,4893116005656.56
JPN,2005,NY.GDP.MKTP.CD,gdp_current_usd,4831467035389.8
JPN,2006,NY.GDP.MKTP.CD,gdp_current_usd,4601663122649.92
JPN,2007,NY.GDP.MKTP.CD,gdp_current_usd,4579750920354.81
JPN,2008,NY.GDP.MKTP.CD,gdp_current_usd,5106679115127.3
JPN,2009,NY.GDP.MKTP.CD,gdp_current_usd,5289493117993.89
JPN,2010,NY.GDP.MKTP.CD,gdp_current_usd,5759071769013.11
JPN,2011,NY.GDP.MKTP.CD,gdp_current_usd,6233147172341.35
JPN,2012,NY.GDP.MKTP.CD,gdp_current_usd,6272362996105.03
JPN,2013,NY.GDP.MKTP.CD,gdp_current_usd,5212328181166.18
JPN,2014,NY.GDP.MKTP.CD,gdp_current_usd,4896994405353.29
JPN,2015,NY.GDP.MKTP.CD,gdp_current_usd,4444930651964.18
JPN,2016,NY.GDP.MKTP.CD,gdp_current_usd,5003677627544.24
JPN,2017,NY.GDP.MKTP.CD,gdp_current_usd,4930837369151.42
JPN,2018,NY.GDP.MKTP.CD,gdp_current_usd,5040880939324.86
JPN,2019,NY.GDP.MKTP.CD,gdp_current_usd,5117993853016.51
JPN,2020,NY.GDP.MKTP.CD,gdp_current_usd,5054068005376.28
JPN,2021,NY.GDP.MKTP.CD,gdp_current_usd,5039148168861.22
JPN,2022,NY.GDP.MKTP.CD,gdp_current_usd,4262463317796.53
JPN,2023,NY.GDP.MKTP.CD,gdp_current_usd,4213167237905.83
JPN,2024,NY.GDP.MKTP.CD,gdp_current_usd,4027597523550.58
JPN,1960,NY.GDP.MKTP.KD,gdp_constant_2015_usd,595545661031.155
JPN,1961,NY.GDP.MKTP.KD,gdp_constant_2015_usd,667270419543.776
JPN,1962,NY.GDP.MKTP.KD,gdp_constant_2015_usd,726717361028.429
JPN,1963,NY.GDP.MKTP.KD,gdp_constant_2015_usd,788296791335.656
JPN,1964,NY.GDP.MKTP.KD,gdp_constant_2015_usd,880343907381.489
JPN,1965,NY.GDP.MKTP.KD,gdp_constant_2015_usd,931577351068.687
JPN,1966,NY.GDP.MKTP.KD,gdp_constant_2015_usd,1030683781033.35
JPN,1967,NY.GDP.MKTP.KD,gdp_constant_2015_usd,1144905624564.99
JPN,1968,NY.GDP.MKTP.KD,gdp_constant_2015_usd,1292397726863.45
JPN,1969,NY.GDP.MKTP.KD,gdp_constant_2015_usd,1453661751929.24
JPN,1970,NY.GDP.MKTP.KD,gdp_constant_2015_usd,1459462598521.52
JPN,1971,NY.GDP.MKTP.KD,gdp_constant_2015_usd,1528042629882.78
JPN,1972,NY.GDP.MKTP.KD,gdp_constant_2015_usd,1656605218634.67
JPN,1973,NY.GDP.MKTP.KD,gdp_constant_2015_usd,1789673689005.64
JPN,1974,NY.GDP.MKTP.KD,gdp_constant_2015_usd,1767745894179.63
JPN,1975,NY.GDP.MKTP.KD,gdp_constant_2015_usd,1822397100508.49
JPN,1976,NY.GDP.MKTP.KD,gdp_constant_2015_usd,1894837095325.15
JPN,1977,NY.GDP.MKTP.KD,gdp_constant_2015_usd,1978026847418.67
JPN,1978,NY.GDP.MKTP.KD,gdp_constant_2015_usd,2082307265730.27
JPN,1979,NY.GDP.MKTP.KD,gdp_constant_2015_usd,2196501867256.99
JPN,1980,NY.GDP.MKTP.KD,gdp_constant_2015_usd,2258390310743.42
JPN,1981,NY.GDP.MKTP.KD,gdp_constant_2015_usd,2354611841484.43
JPN,1982,NY.GDP.MKTP.KD,gdp_constant_2015_usd,2431837052476.44
JPN,1983,NY.GDP.MKTP.KD,gdp_constant_2015_usd,2520117566447.53
JPN,1984,NY.GDP.MKTP.KD,gdp_constant_2015_usd,2631276932032.13
JPN,1985,NY.GDP.MKTP.KD,gdp_constant_2015_usd,2767045767160.48
JPN,1986,NY.GDP.MKTP.KD,gdp_constant_2015_usd,2858193572217.93
JPN,1987,NY.GDP.MKTP.KD,gdp_constant_2015_usd,2991067029860.74
JPN,1988,NY.GDP.MKTP.KD,gdp_constant_2015_usd,3190321043522.53
JPN,1989,NY.GDP.MKTP.KD,gdp_constant_2015_usd,3347469412117.91
JPN,1990,NY.GDP.MKTP.KD,gdp_constant_2015_usd,3509518031563.1
JPN,1991,NY.GDP.MKTP.KD,gdp_constant_2015_usd,3633170889060.57
JPN,1992,NY.GDP.MKTP.KD,gdp_constant_2015_usd,3665890719857.33
JPN,1993,NY.GDP.MKTP.KD,gdp_constant_2015_usd,3649056226895.55
JPN,1994,NY.GDP.MKTP.KD,gdp_constant_2015_usd,3688589488079.23
JPN,1995,NY.GDP.MKTP.KD,gdp_constant_2015_usd,3785636263361.93
JPN,1996,NY.GDP.MKTP.KD,gdp_constant_2015_usd,3904273220109.61
JPN,1997,NY.GDP.MKTP.KD,gdp_constant_2015_usd,3942583070732.46
JPN,1998,NY.GDP.MKTP.KD,gdp_constant_2015_usd,3892499235707.61
JPN,1999,NY.GDP.MKTP.KD,gdp_constant_2015_usd,3879501014656.82
JPN,2000,NY.GDP.MKTP.KD,gdp_constant_2015_usd,3986755544463.82
JPN,2001,NY.GDP.MKTP.KD,gdp_constant_2015_usd,4002148544212.9
JPN,2002,NY.GDP.MKTP.KD,gdp_constant_2015_usd,4003827945767.2
JPN,2003,NY.GDP.MKTP.KD,gdp_constant_2015_usd,4065291729517.45
JPN,2004,NY.GDP.MKTP.KD,gdp_constant_2015_usd,4154163710039.3
JPN,2005,NY.GDP.MKTP.KD,gdp_constant_2015_usd,4229100705435.58
JPN,2006,NY.GDP.MKTP.KD,gdp_constant_2015_usd,4287138774362.24
JPN,2007,NY.GDP.MKTP.KD,gdp_constant_2015_usd,4350758602405.54
JPN,2008,NY.GDP.MKTP.KD,gdp_constant_2015_usd,4297492743392.88
JPN,2009,NY.GDP.MKTP.KD,gdp_constant_2015_usd,4052826324003.77
JPN,2010,NY.GDP.MKTP.KD,gdp_constant_2015_usd,4218907820178.57
JPN,2011,NY.GDP.MKTP.KD,gdp_constant_2015_usd,4219912322040.1
JPN,2012,NY.GDP.MKTP.KD,gdp_constant_2015_usd,4277925608846.49
JPN,2013,NY.GDP.MKTP.KD,gdp_constant_2015_usd,4363702302793.37
JPN,2014,NY.GDP.MKTP.KD,gdp_constant_2015_usd,4376627829634.98
JPN,2015,NY.GDP.MKTP.KD,gdp_constant_2015_usd,4444930651964.18
JPN,2016,NY.GDP.MKTP.KD,gdp_constant_2015_usd,4478437728050.46
JPN,2017,NY.GDP.MKTP.KD,gdp_constant_2015_usd,4553466417290.11
JPN,2018,NY.GDP.MKTP.KD,gdp_constant_2015_usd,4582763011478.55
JPN,2019,NY.GDP.MKTP.KD,gdp_constant_2015_usd,4564332550096.38
JPN,2020,NY.GDP.MKTP.KD,gdp_constant_2015_usd,4374056271824.01
JPN,2021,NY.GDP.MKTP.KD,gdp_constant_2015_usd,4492005937826.88
JPN,2022,NY.GDP.MKTP.KD,gdp_constant_2015_usd,4534320578755.85
JPN,2023,NY.GDP.MKTP.KD,gdp_constant_2015_usd,4601203385713.7
JPN,2024,NY.GDP.MKTP.KD,gdp_constant_2015_usd,4606002855955.13
